排名,球员名,出手数
1,卡里姆-贾巴尔,15837
2,卡尔-马龙,13528
3,科比-布莱恩特,11719
4,勒布朗-詹姆斯,12424
5,迈克尔-乔丹,12192
6,埃尔文-海耶斯,10976
7,约翰-哈福利切克,10513
8,德克-诺维茨基,11169
9,威尔特-张伯伦,12681
10,多米尼克-威尔金斯,9963
11,文斯-卡特,9293
12,凯文-加内特,10505
13,卡梅罗-安东尼,9426
14,阿历克斯-英格利什,10659
15,哈基姆-奥拉朱旺,10749
16,蒂姆-邓肯,10285
17,埃尔金·贝勒,8693
18,阿伦-艾弗森,8467
19,奥斯卡-罗波特森,9508
20,保罗-皮尔斯,8668
21,沙奎尔-奥尼尔,11330
22,帕特里克-尤因,9702
23,摩西-马龙,9435
24,杰里-韦斯特,9016
25,雷-阿伦,8567
26,豪尔-格瑞尔,8504
27,加里-佩顿,8708
28,罗波特-帕里什,9614
29,乔-约翰逊,7822
30,克莱德-德雷克斯勒,8335
31,德维恩-韦德,8454
32,雷吉-米勒,8241
33,拉里·伯德,8591
34,安托万-贾米森,7679
35,克里弗德-罗宾逊,7389
36,鲍勃-佩蒂特,7349
37,特里-卡明斯,8045
38,鲍勃·库锡,6168
39,贾马尔-克劳福德,6750
40,拉塞尔-威斯布鲁克,7194
41,埃迪-约翰逊,7727
42,盖尔-古德里奇,7431
43,里克-巴里,7252
44,拉玛库斯-阿尔德里奇,7919
45,米奇-里奇蒙德,7305
46,伊塞亚-托马斯,7194
47,沃尔特-戴维斯,8118
48,凯文-杜兰特,7814
49,托尼-帕克,7777
50,扎克-兰多夫,7436
51,戴夫-宾,6962
52,汤姆-钱伯斯,7378
53,乔治-格文,8045
54,保罗-加索尔,7980
55,斯科蒂-皮蓬,7420
56,查尔斯-巴克利,8435
57,杰森-特里,6914
58,杰森-基德,6219
59,多尔夫-谢伊斯,5863
60,特雷西·麦克格雷迪,6709
61,沃尔特-贝拉米,7914
62,达勒-艾利斯,7323
63,卢-哈德森,7392
64,阿德里安-丹特利,8169
65,伯纳德-金,7830
66,迈克尔-芬利,6696
67,鲍伯-兰尼尔,7761
68,肖恩-马里昂,7289
69,凯尔文-墨菲,7247
70,克里斯-韦伯,7192
71,雷杰-瑟乌斯,7057
72,厄尔-门罗,6906
73,格伦-莱斯,6776
74,马克-阿吉雷,7201
75,鲍伯-麦克阿杜,7420
76,安托万-沃克,6085
77,杰夫-马龙,7099
78,切特-沃克,6876
79,凯文-威利斯,7095
80,兰尼-威尔肯斯,6189
81,拉特里尔-斯普雷威尔,6076
82,沃尔德-B-弗里,6512
83,朱利叶斯-欧文,7237
84,大卫-罗宾逊,7365
85,兰迪-史密斯,6676
86,皮特-马拉维奇,6187
87,罗兰多-布莱克曼,6887
88,朱万-霍华德,6543
89,克里斯-保罗,6556
90,乔乔-怀特,6169
91,杰克-特威曼,6237
92,詹姆斯-哈登,6102
93,杰克-希科马,6396
94,萨姆-琼斯,6271
95,约翰-斯托克顿,7039
96,拜利-霍维尔,6515
97,拉希德-华莱士,6320
98,德里克-哈珀,6191
99,鲁迪-盖伊,6096
100,保罗-阿里金,5628
101,斯蒂芬-马布里,5769
102,鲍伯-丹德里奇,6445
103,理查德-汉密尔顿,5969
104,戴夫·德布斯切尔,5722
105,克里斯-穆林,6740
106,迪克-巴奈特,6034
107,詹姆斯-沃西,6878
108,埃尔顿-布兰德,6599
109,杰里-斯塔克豪斯,5386
110,格兰特-希尔,6345
111,内特-瑟蒙德,5521
112,安德烈-米勒,6035
113,丹尼斯-约翰逊,5832
114,蒂姆-哈达威,5640
115,乔-杜马斯,5994
116,比尔-拉塞尔,5687
117,迈克-米切尔,6371
118,史蒂夫-纳什,6321
119,德玛尔-德罗赞,5850
120,汤姆-范阿斯戴尔,5505
121,蒙塔-艾利斯,5723
122,鲍伯-乐福,5447
123,杰森-理查德森,5558
124,奈特-阿奇博尔德,5899
125,奥蒂斯-索普,6872
126,克里斯-波什,6209
127,盖斯-威廉姆斯,5793
128,弗莱德-布朗,6006
129,萨姆-卡塞尔,5698
130,沃尔特-弗雷泽,6130
131,普维斯-绍特,5934
132,戴夫·考恩斯,5744
133,拉沙德-刘易斯,5644
134,贾马尔-威尔克斯,6226
135,里切尔-盖兰,5174
136,斯宾瑟-海伍德,5790
137,迈克-毕比,5410
138,艾尔-杰弗森,6161
139,凯文-麦克海尔,6830
140,拜伦-斯科特,5918
141,查克-珀森,5576
142,格伦-罗宾逊,5571
143,阿兰-休斯顿,5337
144,萨姆-帕金斯,5498
145,杰夫-霍纳塞克,5929
146,埃尔文-约翰逊,6211
147,拜伦-戴维斯,4888
148,罗恩-哈珀,5326
149,斯蒂芬-库里,5682
150,罗德-斯特里克兰,5418
151,汤姆-海恩索恩,4773
152,里德-科尔,4909
153,特里-伯特,5428
154,詹姆斯-爱德华兹,5802
155,奇奇-范德维奇,6139
156,泽维尔-麦克丹尼尔,5673
157,肯达尔-吉尔,5068
158,拉里-南斯,6370
159,巴克-威廉姆斯,6404
160,迪克-范阿斯戴尔,5413
161,约翰-德鲁,5481
162,杰夫-穆林斯,5383
163,克里夫-哈根,5239
164,大卫-韦斯特,5703
165,谢里夫-阿布杜-拉希姆,5434
166,穆奇-布雷洛克,4705
167,德怀特-霍华德,6725
168,比利·坎宁安,5116
169,阿尔万-亚当斯,5709
170,尼克-范埃克塞尔,4636
171,杰里-卢卡斯,5709
172,昌西-比卢普斯,4738
173,艾尔-哈灵顿,5028
174,达内尔-格里菲斯,5237
175,埃迪-琼斯,4932
176,肖恩-坎普,5505
177,梅塔-沃尔德皮斯,4666
178,洛尔-邓,5130
179,吉姆-杰克逊,4811
180,约什-史密斯,5089
181,鲁迪-汤姆贾诺维奇,5630
182,卡洛斯-布泽尔,5847
183,比尔-兰比尔,5574
184,比尔-沙尔曼,4761
185,卡兹-拉塞尔,5172
186,戴尔-库里,5090
187,威利-诺尔斯,4526
188,斯蒂芬-杰克逊,4604
189,理查德-杰弗森,5150
190,马奎斯-约翰逊,5733
191,路易斯-威廉姆斯,4633
192,杰梅因-奥尼尔,5144
193,达米安-利拉德,4808
194,阿玛雷-斯塔德迈尔,5911
195,西德尼-威克斯,5046
196,德特雷夫-施拉姆夫,5400
197,德隆-威廉姆斯,4874
198,赛迪斯-杨,5459
199,杰伦-罗斯,4852
200,约翰-朗,5108
201,里基-皮尔斯,5391
202,盖伊-罗杰斯,4125
203,杰克-马琳,5068
204,凯文-朗格利,4477
205,唐-奥尔,4685
206,诺姆-尼克森,5219
207,克莱德-拉福莱特,4784
208,肯巴-沃克,4514
209,赫伯-威廉姆斯,5037
210,鲍伯-布泽尔,4961
211,马克-杰克逊,4793
212,佩贾-斯托亚科维奇,4825
213,斯科特-威德曼,5153
214,丹-伊塞尔,5424
215,霍雷斯-格兰特,5439
216,达蒙-斯塔德迈尔,4329
217,宾高-史密斯,4776
218,何塞-霍金斯,4889
219,卡隆-巴特勒,4596
220,保罗-米尔萨普,5196
221,乔伊-巴里-卡罗尔,5021
222,瓦伊曼-提斯代尔,5338
223,杰拉德-威尔金斯,4754
224,奥蒂斯-比尔德松,5347
225,米奇-约翰逊,4733
226,维尼尔-约翰逊,4882
227,维拉蒂-迪瓦茨,5205
228,史蒂夫-史密斯,4609
229,里克-施密茨,5301
230,安德烈-伊格达拉,4867
231,J.R.史密斯,4373
232,拉玛尔-奥多姆,4811
233,德里克-科尔曼,4616
234,迈克尔-汤普森,5191
235,莫里斯-卢卡斯,4870
236,查尔斯-奥克利,4835
237,马努-吉诺比利,4584
238,约翰-约翰逊,4575
239,贾马尔-马什本,4277
240,卡尔-布劳恩,3912
241,威利斯-里德,4859
242,杰罗米-科尔西,4723
243,安东尼奥-麦克戴斯,5046
244,布鲁克-洛佩斯,5012
245,凯尔-洛瑞,4289
246,布雷克-格里芬,5049
247,迈克-纽林,4720
248,朱尼奥-布里奇曼,4801
249,约翰-格林,4973
250,保罗-韦斯特法尔,5079
251,泰肖恩-普林斯,4583
252,瑟尔-贝莉,4753
253,保罗-乔治,4349
254,吉米-沃克,4624
255,奥兰多-乌尔里奇,5150
256,大卫-韦斯利,4248
257,迪克-施耐德,4890
258,斯里谱-弗洛伊德,4448
259,卡蒂诺-莫布里,4319
260,特鲁克-罗宾逊,4816
261,迈克-康利,4379
262,雷蒙德-费尔顿,4105
263,保罗-塞拉斯,4293
264,丹尼·安吉,4643
265,阿尔蒙-吉列姆,4838
266,尼克-安德森,4416
267,弗农-麦克斯维尔,3932
268,丹尼-曼宁,5026
269,克莱-汤普森,4512
270,朱-霍勒迪,4430
271,阿尔奇-克拉克,4693
272,乔-戈拉伯斯基,3433
273,奥斯汀-凯尔,4359
274,罗波特-瑞德,4443
275,阿朗佐-莫宁,5116
276,萨姆-拉西,4276
277,文-贝克,4692
278,凯文-乐福,4280
279,约翰-纽曼,4456
280,杰里-斯隆,4116
281,雷-斯科特,3906
282,杰夫-格林,4234
283,Cliff Robinson,4493
284,约翰-斯塔克斯,3953
285,德里克-罗斯,4375
286,阿尔提斯-吉尔莫尔,5732
287,艾尔-霍福德,4967
288,鲁迪-拉鲁索,4102
289,乔-史密斯,4325
290,肯尼-安德森,4002
291,法特-利夫,4244
292,特雷沃-阿里扎,4003
293,比尔-布里奇斯,4181
294,布莱恩-温特斯,4490
295,拉里-福斯特,3814
296,唐耶尔-马绍尔,4096
297,迈克尔-里德,4207
298,马克-加索尔,4527
299,盖斯-约翰逊,4126
300,凯利-特里普卡,4434
301,杰纳-苏,3715
302,莱罗伊-艾利斯,4143
303,莫里斯·奇克斯,4906
304,迈克-伍德森,4368
305,乔-福尔克斯,2824
306,凯里-欧文,4346
307,德里克-费舍尔,3720
308,莫里斯-威廉姆斯,4051
309,德马库斯-考辛斯,4283
310,菲尔-切尼尔,4120
311,查理-斯科特,4113
312,里基-索伯斯,4250
313,埃尔文-罗波特森,4412
314,凯尔-科沃尔,4088
315,弗莱德·卡特,3917
316,布拉德利-比尔,4162
317,A.C.-格林,4544
318,拉里-休斯,3738
319,丹-马尔利,3950
320,凯文-约翰逊,4512
321,吉姆-帕克森,4545
322,约翰-沃尔,3942
323,本-戈登,3931
324,拉里-约翰逊,4401
325,维恩-埃布里,3993
326,迈克-戈明斯基,4208
327,希度-特科格鲁,3851
328,安东尼-戴维斯,4661
329,科里-马盖蒂,4065
330,格雷格-巴拉德,4220
331,戈兰-德拉季奇,4138
332,迈克-邓利维,3935
333,哈皮-海尔斯顿,4240
334,比尔·卡特赖特,4656
335,马文-威廉姆斯,3919
336,唐-柯基斯,3947
337,丹-劳恩德菲尔德,4289
338,吉尔伯特-阿里纳斯,3722
339,扎诸纳斯-伊尔戈斯卡斯,4207
340,埃尔登-坎贝尔,4062
341,沃恩-米克尔森,3547
342,凯文-马丁,3847
343,雷-威廉姆斯,3962
344,汤姆-梅切里,3877
345,乔治-迈肯,3544
346,埃里克-戈登,3733
347,比尔-布拉德利,3927
348,迈克-米勒,4016
349,安芬尼-哈达威,3995
350,特里尔-布兰登,3908
351,乔夫-皮特里,3970
352,约翰-卢卡斯二世,3905
353,贾米尔-尼尔森,3790
354,雷克斯-查普曼,3716
355,J.J.雷迪克,3868
356,艾德-麦考雷,3742
357,韦斯-昂塞尔德,4369
358,汤姆-古格里奥塔,3871
359,泰隆·科宾,3918
360,大卫-李,4587
361,克莱伦斯-威瑟斯庞,4025
362,柯克-辛里奇,3503
363,埃迪-约翰逊,4015
364,菲尔-史密斯,4007
365,里基-戴维斯,3747
366,克里斯汀-莱特纳,4036
367,鲁西斯-阿伦,3884
368,唐-尼尔森,4017
369,韦斯利-马修斯,3546
370,P.J.-布朗,3852
371,大卫-汤普森,4213
372,马克-普莱斯,3939
373,马克斯尔-扎斯洛夫斯基,2854
374,肖恩-埃利奥特,3852
375,史蒂夫-弗朗西斯,3543
376,尼古拉-武切维奇,4120
377,约翰-戴维斯,3699
378,西德尼-蒙克利夫,4117
379,乔恩-麦克格洛克林,4001
380,Mahdi Abdul-Rahman,3597
381,赛尔吉-伊巴卡,4195
382,托尼-库克奇,3633
383,拉简-朗多,3723
384,伊塞亚-莱德尔,3583
385,马库斯-坎比,3767
386,赛达勒-斯瑞特,3914
387,德文-哈里斯,3486
388,德里克-麦凯,3908
389,迪坎贝-穆托姆博,4169
390,肯扬-马丁,3875
391,比利-奈特,4064
392,诺姆-范里尔,3313
393,罗德尼-罗杰斯,3608
394,汤姆-桑德斯,3416
395,泰瑞克-埃文斯,3510
396,沃恩-弗莱明,3964
397,马翰默德-劳夫,3514
398,蒂姆-托马斯,3458
399,特里-泰勒,3831
400,科特-托马斯,3836
401,迈克尔-亚当斯,3257
402,科勒姆-哈斯金斯,3515
403,托比亚斯-哈里斯,3681
404,伯瑞斯-迪奥,3805
405,杰夫-蒂格,3425
406,杰森-威廉姆斯,3065
407,肯-诺曼,3737
408,霍特-罗德-威廉姆斯,3688
409,贾莱特-杰克,3374
410,丹尼-格兰杰,3332
411,里基-格林,3594
412,林奇-亨特,2970
413,基斯-范霍恩,3396
414,霍华德-科密维斯,2972
415,吉姆-巴奈特,3326
416,内内-希拉里奥,4175
417,道格-克里斯蒂,3238
418,凯尔文-奈特,4003
419,乔治-亚德利,3193
420,乔治-麦克吉尼斯,3386
421,艾弗里-约翰逊,3622
422,吉姆-麦克米兰,3644
423,罗尼-塞卡利,3647
424,里克-福克斯,3382
425,埃迪-迈尔斯,3301
426,杰拉德-华莱士,3516
427,安德鲁-威金斯,3304
428,米切尔-雷-理查德森,3419
429,尼古拉斯-巴通姆,3245
430,路易斯-斯科拉,3669
431,格兰特-朗,3472
432,奈伊尔-约翰斯顿,3303
433,德鲁-古登,3432
434,道格-里弗斯,3295
435,莱昂德罗-巴博萨,3403
436,坎比-拉塞尔,3398
437,威尔森-钱德勒,3270
438,弗兰克-拉姆西,2949
439,C.J.迈克鲁姆,3353
440,戈登-海沃德,3323
441,简-文森特,3490
442,简-亨弗里斯,3502
443,迈克-班图姆,3446
444,昆廷-理查德森,2923
445,科利斯-威廉姆斯,3603
446,肯尼-史密斯,3527
447,拉蒙德-穆雷,3137
448,拉里-凯侬,3564
449,安托万-凯尔,3663
450,扬尼斯-阿德托昆博,3811
451,安东尼-皮勒,3101
452,吉姆-华盛顿,3253
453,泽尔莫-贝蒂,3396
454,卡尔伯特-钱尼,3366
455,斯拉特尔-马丁,2632
456,贝诺特-本杰明,3588
457,莱昂内尔-霍林斯,3201
458,萨姆-米切尔,3220
459,阿德里安-史密斯,3087
460,沃利-斯泽比亚克,3486
461,布拉德-多赫迪,3823
462,布拉德-米勒,3446
463,内特-威廉姆斯,3278
464,达纳-巴罗斯,3281
465,哈维-格兰特,3345
466,克里斯-莫里斯,3144
467,安东尼奥-戴维斯,3187
468,德尼斯-斯科特,2962
469,维恩-库珀,3242
470,布兰登-詹宁斯,2750
471,以赛亚-托马斯,3091
472,特里-蒂格,3295
473,拉里·德鲁,3308
474,拉里·科斯特洛,3095
475,哈里-盖拉汀,2810
476,科怀-伦纳德,3465
477,奥尔登-波利尼斯,3557
478,小安东尼-梅森,3583
479,吉米-巴特勒,3190
480,克里斯-卡曼,3432
481,C.J. Miles,2883
482,吉姆-琼恩斯,3280
483,沃尔特-威廉姆斯,2978
484,罗伊-斯帕罗,3264
485,罗德尼-麦克雷,3516
486,托尼-坎贝尔,3180
487,约翰-萨尔蒙斯,3007
488,艾森-伊利亚索瓦,3093
489,罗尼尔-谢尔顿,3416
490,达伦-科里森,3270
491,达尼罗-加里纳利,2960
492,埃里克-布莱索,3170
493,基斯-埃里克森,3014
494,尼克-杨,2894
495,马科-贝里内利,2932
496,谢尔曼-道格拉斯,3335
497,汤姆-古拉,2964
498,康尼尔-迪尔金,2867
499,Gar Heard,2846
500,克里斯-福特,3160
501,凯文-达克沃斯,3216
502,罗德尼-斯塔基,2904
503,普尔-理查德森,3046
504,阿尔尼-李森,2610
505,雷吉-威廉姆斯,2992
506,维斯里-珀森,3128
507,特里·狄辛格,3457
508,塞德里克-塞巴洛斯,3414
509,哈里森-巴恩斯,3051
510,肖恩-巴蒂尔,2982
511,Dave Greenwood,3251
512,卢克-里德诺,2933
513,戴尔-戴维斯,3592
514,杰克-科尔曼,2813
515,安德烈-德拉蒙德,3661
516,兰迪-弗耶,2704
517,乔治-希尔,3070
518,达夫-甘比,2820
519,安德里亚-巴尼亚尼,2932
520,凯文-格里文,2915
521,何塞-巴里亚,2821
522,钱宁-弗莱,2931
523,Fred Scolari,2132
524,迈克尔-比斯利,3088
525,罗伯特-霍里,2820
526,DJ-奥古斯丁,2737
527,安德烈-基里连科,3146
528,阿隆-阿弗拉罗,2983
529,凯文-波特,3194
530,梅米特-奥库,3028
531,克里斯-米德尔顿,3024
532,鲍比-杰克逊,2755
533,克莱格-埃卢,2977
534,埃尔摩尔-史密斯,3169
535,考特尼-李,2961
536,莫里斯-皮特森,2747
537,雷杰-刘易斯,3198
538,O.J.-梅奥,2808
539,德斯蒙德-梅森,2931
540,莱恩-安德森,2755
541,Gerald Henderson_,3079
542,达雷尔-阿姆斯特朗,2663
543,格雷格-门罗,3339
544,斯特西-奥格蒙,3037
545,奎因汀-戴利,2936
546,康尼尔-霍金斯,3013
547,姚明,3380
548,迈克尔-凯奇,3317
549,乔-考德威尔,2958
550,何塞-卡尔德隆,3038
551,迈克尔·库珀,3014
552,史蒂夫-米克斯,3204
553,斯波特-韦伯,2903
554,布莱恩-肖,2589
555,拉方索-艾利斯,2895
556,达夫-科尔辛,3097
557,特洛伊-墨菲,2848
558,拉夫-阿尔斯通,2450
559,马特-巴恩斯,2788
560,奈尔-沃克,2928
561,吉姆-波拉德,2299
562,拉萨尔-汤普森,3136
563,布鲁-爱德华兹,3021
564,科瑞-基德尔斯,2779
565,布莱恩-格兰特,3103
566,埃文-特纳,2748
567,安迪-菲利浦,2323
568,科里-布鲁尔,2682
569,布伦特-巴里,2896
570,查尔斯-史密斯,2993
571,塞德里克-麦克斯维尔,3433
572,伍迪-桑德贝里,2189
573,里克-马洪,3098
574,凯文-爱德华兹,2650
575,罗恩-安德森,2936
576,马基夫-莫里斯,2797
577,Danny Schayes,2994
578,特里-米尔斯,2847
579,康尼尔-西蒙斯,2180
580,Muggsy-博格斯,2845
581,鲍比-琼斯,3412
582,雷吉-杰克逊,2653
583,艾弗里-布拉德利,2702
584,汤姆-霍金斯,2761
585,马尔钦-戈塔特,3401
586,约什-霍华德,2759
587,里德-罗查,2276
588,泰-吉布森,3166
589,乔治-麦克劳德,2469
590,迈尔-康特斯,2665
591,赫姆-吉列姆,2696
592,邦奇-威尔斯,2814
593,查理-维兰纽瓦,2652
594,詹姆斯-波西,2495
595,弗林-罗宾逊,2775
596,达里尔-道金斯,3477
597,劳伊-奥特,3061
598,鲍伯-戴维斯,2292
599,沃利-琼斯,2478
600,丹尼斯-施罗德,2632
601,马特-哈普林,2900
602,维尼·德纳格罗,2863
603,鲍伯-卢尔,2777
604,查基-阿特金斯,2479
605,维克多-奥拉迪波,2654
606,拉尔夫-桑普森,2924
607,肯尼-凯尔,3057
608,比姆博-科尔斯,2549
609,约翰-布洛克,2592
610,BJ 阿姆斯特朗,2850
611,比利-欧文斯,2873
612,泰森-钱德勒,3558
613,威利-安德森,2804
614,拉加-贝尔,2581
615,德里克-费弗斯,3151
616,肖恩-布拉德利,2713
617,德里克-安德森,2419
618,本诺-尤德里,2740
619,艾尔·比安奇,2212
620,迈克-里奥丹,2773
621,沃尚-莱纳德,2444
622,保罗-普莱西,2855
623,艾尔伯特-金,2709
624,埃文-富尼耶,2637
625,埃梅卡-奥卡福,3004
626,柯蒂斯-罗威,2821
627,雷-法利克斯,2406
628,道格-科林斯,2927
629,保罗-西摩尔,2039
630,迪-布朗,2540
631,布拉德-戴维斯,2970
632,内特-罗宾逊,2458
633,罗恩-默塞尔,2490
634,鲍比-温泽尔,2268
635,Nathaniel Clifton,2082
636,马克-奥伯丁,2824
637,罗宾-洛佩斯,3040
638,卡尔-安东尼-唐斯,3063
639,唐·切尼,2513
640,德文-布克,2558
641,安德鲁-托尼,2859
642,拉素尔-巴特勒,2293
643,威利-格林,2417
644,达内尔-沃克,2469
645,斯图-朗姿,2469
646,阿伦-里维尔,2549
647,乔丹-克拉克森,2528
648,特伊隆-希尔,2834
649,罗伊-希波特,2622
650,弗兰克-塞尔维,2222
651,特伦特-塔克,2594
652,丹尼-费里,2505
653,汤姆-亨德森,2426
654,埃里克-丹皮尔,2784
655,安德鲁-博古特,2986
656,Bucky Bockhorn,2245
657,洛伦岑-怀特,2556
658,罗伊-辛森,2776
659,埃内斯-坎特,3013
660,扎扎-帕楚里亚,2608
661,杰拉德-格林,2312
662,Al Attles,2499
663,克里斯-米尔斯,2391
664,拉蒙-塞申斯,2406
665,弗兰克-布里克考斯基,2873
666,奎因·巴克纳,2546
667,德肖恩-史蒂文森,2238
668,帕特-卡明斯,2734
669,阿隆-布鲁克斯,2261
670,达尔文-库克,2479
671,布兰登-奈特,2250
672,道格-韦斯特,2631
673,克里斯-加特林,2804
674,杰克-尼古拉斯,2013
675,吉姆-福克斯,2611
676,托尼-阿伦,2588
677,詹姆斯-唐纳森,3105
678,罗恩-布鲁尔,2497
679,泰-劳森,2496
680,本-华莱士,2569
681,Kenny Sears,2465
682,马库斯-莫里斯,2327
683,约翰-巴格莱,2359
684,乌杜尼斯-哈斯勒姆,2640
685,卡尔迪维尔-琼斯,2554
686,菲尔-哈巴德,2672
687,萨穆埃尔-戴勒姆波特,2810
688,斯宾塞-霍伊斯,2451
689,鲍伯-维斯,2288
690,肯塔维奥斯-卡德维尔-波普,2230
691,罗德-希金斯,2483
692,泰伦斯-罗斯,2241
693,鲍伯-威尔克森,2256
694,特里-卡特利奇,2576
695,丹尼斯-罗德曼,2766
696,莫里斯-泰勒,2471
697,布莱恩-拉塞尔,2274
698,斯科特-斯凯尔斯,2290
699,迪克-马克圭尔,2048
700,拉里-齐格弗里德,2149
701,约翰-威廉姆斯,2353
702,杰克-乔治,1901
703,肯特-本森,2578
704,克莱德-李,2256
705,蒂姆-哈达威二世,2198
706,德怀特-琼斯,2459
707,里基-卢比奥,2030
708,Frankie Brian,1765
709,鲁本-帕特森,2678
710,莱昂内尔-西蒙斯,2242
711,贾莱德-杜德利,2402
712,弗拉迪米尔-拉德马诺维奇,2148
713,阿隆-麦基,2265
714,沃尔特-杜克斯,1912
715,约翰-道金斯,2361
716,奥图-摩尔,2336
717,鲁西奥斯-哈里斯,2194
718,史蒂夫-布雷克,2061
719,鲍伯-费里,2225
720,厄尔-沃特森,2112
721,迈克-詹姆斯,2139
722,克莱格-霍奇斯,2363
723,布兰登-巴斯,2558
724,拉苏-内斯特洛维奇,2570
725,杰拉德-亨德森,2249
726,安东尼奥-丹尼尔斯,2270
727,凯文-贾姆伯,2562
728,丹尼-格林,2155
729,杰夫-麦金尼斯,2189
730,埃迪-豪斯,2078
731,亨利-毕比,2149
732,特雷西-穆雷,2181
733,鲍伯-哈里森,1782
734,埃里克-斯诺,2144
735,约翰-蒙格尔特,2418
736,艾德-康林,1862
737,迪昂-维特斯,2075
738,扎克-拉文,2250
739,迪克-伽马克,2022
740,托德-达耶,2036
741,达雷尔-伊姆霍夫,2299
742,汤姆-麦克米伦,2420
743,博扬-博格达诺维奇,2305
744,马库斯-索顿,2124
745,Barry Clemens,2262
746,德安德鲁-乔丹,3337
747,安德雷-布拉奇,2327
748,厄尔-博伊金斯,2076
749,肯尼-托马斯,2309
750,史蒂夫-约翰逊,2841
751,特里-罗林斯,2592
752,迈尔-哈特金斯,1931
753,K.C.-琼斯,1919
754,厄尔-洛依德,1766
755,M·L·凯尔,2330
756,菲尔-乔丹,1965
757,麦考伊-麦克莱默,1947
758,纳兹尔-穆罕穆德,2402
759,阿尔顿-李斯特,2514
760,比尔-沃顿,2552
761,莱恩-查普尔,2212
762,布莱文-奈特,2019
763,乔-艾利斯,1946
764,帕特里克-米尔斯,2100
765,吉姆·克莱蒙斯,2242
766,约翰尼·伊根,2089
767,韦恩-艾灵顿,1986
768,凯文-兰西,2207
769,德安吉洛-拉塞尔,2040
770,布兰登-罗伊,2224
771,史蒂夫-霍伊斯,2337
772,鲍伯-考夫曼,2306
773,卢克-杰克逊,2004
774,约纳斯-瓦兰丘纳斯,2706
775,约翰-帕克森,2403
776,吉姆-普莱斯,2129
777,杰克-麦克马洪,1615
778,里夫-拉弗伦茨,2227
779,布莱恩特-斯蒂奇,2021
780,布莱尔-拉斯姆森,2248
781,布鲁斯-鲍文,1945
782,格雷格-安东尼,1914
783,马利斯-斯贝茨,2181
784,拉里-史密斯,2519
785,埃迪-库里,2578
786,杰-克劳德,1979
787,特拉维斯-奥特洛,1994
788,埃里克-皮亚考斯基,2044
789,罗恩-布恩,2134
790,萨姆-鲍威,2127
791,威尔-巴顿,2035
792,乔治-林奇,2086
793,比利-鲍尔兹,2285
794,乔-布莱恩特,2093
795,特拉维斯-贝斯特,2002
796,马里奥-钱莫斯,1936
797,尼科拉-约季奇,2433
798,鲍勃-苏拉,1918
799,霍华德-埃斯利,1881
800,沃尔特-韦斯利,2002
801,钱德勒-帕森斯,2129
802,朱利叶斯-兰德尔,2274
803,休伯特-戴维斯,2108
804,J.R.-瑞德,2168
805,托尼-德尔克,1874
806,伊斯梅尔-史密斯,1974
807,菲尔-杰克逊,2076
808,乔金-诺阿,2244
809,菲尔-福特,2128
810,达内尔-瓦伦丁,1993
811,艾尔-法鲁克-阿米奴,1910
812,路易斯-奥尔,2125
813,埃里克-曼尼,2239
814,比尔-罗宾,2185
815,斯温-纳特,2432
816,马克-伊顿,2072
817,克里夫-莱温斯顿,2333
818,特里斯坦-汤普森,2344
819,Slick Leonard,1574
820,Charles Johnson,1935
821,奥利-约翰逊,2235
822,迈克-桑德斯,2167
823,弗莱德-罗伯茨,2257
824,布奇-贝尔德,2187
825,马里奥-埃利,2123
826,埃里克-威廉姆斯,1865
827,阿米尔-约翰逊,2558
828,克里斯-亨弗里斯,2078
829,西伊-格林,1732
830,贾马尔-廷斯利,1759
831,罗德-索恩,1939
832,安德烈斯-诺西奥尼,1932
833,西奥-拉特里夫,2207
834,克里福德-雷,2333
835,温斯顿-加兰,1912
836,T.R.-邓恩,2030
837,里奇-凯雷,2166
838,弗兰克-约翰逊,1947
839,约翰-巴特尔,2054
840,肖恩-利文斯顿,2149
841,奥斯汀-里弗斯,1844
842,鲍比-菲尔斯,1957
843,托尼-巴蒂,2143
844,西德尼-格林,1993
845,安东尼-莫罗,1956
846,马里克-希利,1865
847,山顿-安德森,1996
848,罗纳德-穆雷,1806
849,肯杨-杜林,1810
850,马克-韦斯特,2528
851,林书豪,1885
852,约翰-摩尔,1998
853,凯尔-迈西,2175
854,汤姆-欧文斯,2201
855,厄尔尼-格伦菲尔德,2065
856,埃里克-默多克,1889
857,德雷蒙德-格林 ,1875
858,达夫-斯托沃茨,1883
859,阿兰·布里斯托,1977
860,阿隆-戈登,1919
861,迈克-麦基,2087
862,特洛伊-哈德森,1714
863,萨波-索夫洛萨,1916
864,斯蒂夫-科尔,2042
865,约翰-特雷斯万特,1920
866,杰森-汤普森,2112
867,艾尔-伍德,1980
868,凯文-库内特,2022
869,莱恩-戈麦斯,1891
870,弗莱德-黑特泽尔,1789
871,乔-梅里维尔瑟,2170
872,比尔-汉兹里克,1836
873,詹姆斯-贝莉,2045
874,T.J. Ford,1829
875,杰里米-兰姆,1874
876,阿兰-亨德森,1976
877,阿隆-威廉姆斯,1858
878,布莱恩特-李维斯,1999
879,乔-克莱恩,1902
880,弗里曼-威廉姆斯,1959
881,德马雷-卡罗尔,1802
882,吉姆-克莱布斯,1696
883,柯蒂斯-佩里,1904
884,唐-亚当斯,1682
885,拉里-斯蒂尔,2020
886,杰里-贝勒斯,1719
887,詹姆斯-约翰逊,1992
888,斯坦-马赛克,1375
889,史蒂夫-斯蒂帕诺维奇,2015
890,阿维达斯-萨博尼斯,2082
891,尼克-科里森,2212
892,莱韦斯-洛依德,2172
893,加里-格兰特,1864
894,唐-布斯,1829
895,扎伊德-阿卜杜勒-阿齐兹,1769
896,保罗-纽曼恩,1827
897,内特-麦克米兰,1833
898,安东尼-约翰逊,1709
899,多诺万-米切尔,1816
900,巴迪-希尔德,1822
901,汤姆-波尔温克勒,1863
902,迈克尔-奥洛沃坎迪,1788
903,弗莱德-福斯特,1701
904,马里克-罗斯,1792
905,肯特-贝兹莫尔,1693
906,本-波奎特,1975
907,格雷格-安德森,2011
908,罗波特-派克,1739
909,贾维尔-麦基,2350
910,伊托万-摩尔,1860
911,乔治-塞内斯基,1279
912,罗伊德-尼尔,1981
913,马特-盖革,2039
914,PJ-塔克,1726
915,德里克-史密斯,2031
916,莱戴尔-伊凯尔斯,1810
917,吉姆-金,1700
918,欧迪-斯皮尔斯,1488
919,马泰尔-韦伯斯特,1696
920,兰迪-布鲁尔,1898
921,罗波特-考文顿,1652
922,迈克-埃文斯,1835
923,J.J.希克森,2049
924,亚历克-伯克斯,1698
925,克拉克-凯洛格,2008
926,泰伦-卢,1765
927,韦斯利-约翰逊,1629
928,TJ-沃伦,2023
929,马克-布朗特,2020
930,肯尼思-法里德,2190
931,哈桑-怀特塞德,2328
932,奥塞拉-哈宁顿,2021
933,布兰登-海伍德,2110
934,乔治-约翰逊,1802
935,吉姆-布鲁尔,1785
936,Hot Rod Hundley,1382
937,帕特里克-帕特森,1780
938,达柳斯-迈尔斯,1874
939,乔治-金,1517
940,约迪-米克斯,1665
941,杰纳-班克斯,2134
942,塞巴斯蒂安-特尔菲尔,1542
943,阿尔文-威廉姆斯,1664
944,布克-约翰逊,1922
945,查克-诺贝尔,1362
946,马奎斯-丹尼尔斯,1772
947,霍华德-波特,1838
948,约翰-威廉姆斯,1769
949,兰斯-史蒂芬森,1738
950,帕特-莱利,1619
951,多雷尔-怀特,1657
952,Chuck Share,1562
953,卡尔-兰德里,2086
954,克里斯-威尔考克斯,2101
955,迈克-布拉茨,1578
956,斯里克-沃茨,1602
957,埃尔弗里德-佩顿,1750
958,吉姆-劳斯库托夫,1333
959,特雷-伯克,1577
960,Bones McKinney,1145
961,米切-库普恰克,2003
962,弗莱德-谢奥斯,1345
963,约翰-贾内利,1798
964,迈克尔-皮特鲁斯,1625
965,贾马尔-穆雷,1672
966,杰夫-哈斯顿,1836
967,大卫-温盖特,1690
968,安德鲁-朗,1780
969,欧米-卡斯比,1718
970,丹特-康宁汉姆,1772
971,马特-邦纳,1749
972,尼克-威瑟斯庞,1712
973,克林特-理查德森,1742
974,基斯-博甘斯,1482
975,罗恩-比哈根,1594
976,安东尼-帕克,1661
977,杰夫-卢兰德,2105
978,詹姆斯-塞拉斯,1810
979,达蒙-琼斯,1517
980,肖恩-卢克斯,1710
981,索尼-帕克,1862
982,达夫-罗比斯,1694
983,卢克-理查德-巴莫特,1683
984,约翰-塞利,1871
985,莱奥-吧巴恩豪斯特,1356
986,沃利-沃克,1720
987,乔治-约翰逊,1704
988,加里-哈里斯,1673
989,贾马尔-马格洛伊尔,1763
990,琼-巴里,1595
991,奥托-波特,1768
992,卡洛斯-德尔菲诺,1472
993,Em Bryant,1501
994,马特-古奥卡斯,1792
995,奥斯丁-克罗希尔,1491
996,弗朗西斯科-加西亚,1564
997,卢克-朗利,1685
998,乔恩-桑德沃德,1647
999,杰罗米-怀特海德,1810
1000,兰迪-惠特曼,1823
1001,史蒂文-亚当斯,2136
1002,鲍伯-格罗斯,1857
1003,哈基姆-瓦里克,1776
1004,斯特罗迈尔-斯威夫特,1713
1005,科里-约瑟夫,1599
1006,莱斯特-康纳,1639
1007,C.J.沃特森,1516
1008,凯利-奥利尼克,1726
1009,格伦-戴维斯,1614
1010,迈克-格伦,1958
1011,John Logan,1125
1012,吉姆-巴恩斯,1548
1013,格雷格-史密斯,1737
1014,罗德尼-胡德,1536
1015,艾德-萨多夫斯基,1276
1016,约翰-巴恩希尔,1490
1017,加里-特伦特,1792
1018,佩维斯-埃里森,1826
1019,艾德-平克尼,1915
1020,德隆蒂-韦斯特,1601
1021,克里斯塔普斯-波尔津吉斯,1545
1022,莫里斯-斯托克斯,1251
1023,威布尔-霍兰德,1608
1024,约翰-曼肯,966
1025,鲍比-西蒙斯,1551
1026,伯鲁斯-斯马维利,1229
1027,帕特-加里蒂,1479
1028,福特斯-沃克,1538
1029,博-奥特洛,2005
1030,安德森-瓦莱乔,1804
1031,杰里-希汀,1789
1032,Dike Eddleman,1241
1033,汤姆-伯尔森,1568
1034,普奥珀耶-琼斯,1574
1035,鲍伯-汉森,1642
1036,布拉德-罗浩斯,1542
1037,毕森-德勒,1847
1038,吉姆-麦克艾尔罗伊,1636
1039,安东尼-托利弗,1451
1040,内纳德-科斯蒂奇,1724
1041,查基-布朗,1712
1042,托尼-马森博格,1638
1043,马克-布莱恩特,1739
1044,特伦顿-哈塞尔,1549
1045,马库斯-斯玛特,1296
1046,米切尔-威金斯,1596
1047,贾巴里-帕克,1699
1048,科勒姆恩-约翰逊,1699
1049,乔丹-法玛尔,1460
1050,安德鲁-拜纳姆,1917
1051,迈克尔-布鲁克斯,1673
1052,克里斯-杜洪,1353
1053,比尔-卡尔霍恩,1171
1054,查理-沃德,1400
1055,迈克尔-卡特-威廉姆斯,1381
1056,维塔利-波塔潘科,1639
1057,斯格特-威廉姆斯,1589
1058,埃里克-斯特里克兰,1333
1059,杰里-雷诺兹,1420
1060,胡安-迪克森,1400
1061,Dick Garrett,1436
1062,乔尔-恩比德,1622
1063,奥蒂斯-史密斯,1540
1064,克米特-华盛顿,1778
1065,克里斯-杜德里,1391
1066,科特-兰比斯,1802
1067,德拉赞-皮特洛维奇,1705
1068,里克-罗伯森,1483
1069,贾尔维斯-海耶斯,1397
1070,德文-乔治,1318
1071,杰森-史密斯,1572
1072,Paul Hoffman,1139
1073,阿隆-詹姆斯,1609
1074,艾利克斯-汉纳姆,1182
1075,迈尔斯-特纳,1627
1076,里克·阿德尔曼,1381
1077,杰夫-特纳,1543
1078,格雷维斯-瓦斯奎兹,1378
1079,布莱恩-泰勒,1606
1080,吉姆-戴维斯,1518
1081,本-麦克莱默,1384
1082,科斯塔-库佛斯,1750
1083,杰夫-威尔金斯,1501
1084,约什-理查德森,1393
1085,卡洛斯-阿罗约,1431
1086,厄尔-克雷顿,1545
1087,帕特里克-贝弗利,1349
1088,埃迪-乔丹,1349
1089,托比-金宝尔,1383
1090,理查德-华盛顿,1472
1091,Kleggie Hermsen,962
1092,莫里斯-埃文斯,1429
1093,戈登-吉里塞克,1424
1094,马尔文-韦伯斯特,1575
1095,肯德里克-帕金斯,1705
1096,斯宾瑟-丁维迪,1319
1097,莫里斯-哈克利斯,1534
1098,约纳斯-杰雷布科,1465
1099,文斯·博里拉,1187
1100,克里斯-柴尔斯,1288
1101,德尼斯-霍普森,1375
1102,阿隆-威廉姆斯,1572
1103,乔治-特拉普,1417
1104,布兰顿-英格拉姆,1465
1105,米切尔-威廉姆斯,1470
1106,罗尼-布鲁尔,1554
1107,加内特-坦普尔,1277
1108,Sonny Hertzberg,946
1109,李-沙夫,1328
1110,达米恩-威尔金斯,1344
1111,比利-麦吉尼,1554
1112,鲁迪-戈波特,2010
1113,Bill Gabor,1080
1114,简奈罗-帕戈,1228
1115,凯文-莱斯塔尼,1522
1116,乔丹-克劳福德,1286
1117,伊曼-香珀特,1224
1118,查理-泰拉,1213
1119,罗恩-李,1296
1120,杰拉米-格兰特,1443
1121,兰斯顿-加洛韦,1232
1122,凯利-奥伯尔,1342
1123,乔-英格尔斯,1387
1124,克里斯-惠特尼,1227
1125,达雷尔-亚瑟,1381
1126,萨鲁纳斯-马修利奥尼斯,1571
1127,达里克-马丁,1186
1128,斯科特-梅,1432
1129,贾森-威廉姆斯,1360
1130,夸梅-布朗,1518
1131,戈尔吉-吉昂,1545
1132,托比-奈特,1602
1133,尼古拉-米罗蒂奇,1303
1134,迈克尔-吉尔克里斯特,1459
1135,乔恩-考恩凯克,1444
1136,德里克-威廉姆斯,1329
1137,维斯-马休斯,1463
1138,艾德-戴维斯,1735
1139,兰迪-布朗,1275
1140,达夫-皮昂特克,1194
1141,厄尔尼-格雷格里奥,1268
1142,朱梅因-琼斯,1294
1143,迪诺-拉迪亚,1516
1144,大卫-班诺特,1335
1145,查理-克里斯,1315
1146,安东尼-卡特,1230
1147,贾斯汀-霍勒迪,1208
1148,艾尔-索顿,1368
1149,杰奎-沃恩,1300
1150,杰森-卡波诺,1336
1151,加里-尼尔,1275
1152,罗伊-塔普雷,1457
1153,埃尔文-穆勒,1292
1154,伊曼纽尔-穆迪埃,1207
1155,德尼斯-沃特雷,1382
1156,比尔-温宁顿,1379
1157,迈克-盖尔,1425
1158,史蒂夫-库佩斯基,1254
1159,特雷沃-布克,1548
1160,詹姆斯-琼斯,1205
1161,怀特伊-斯库克,1164
1162,里克-罗比,1498
1163,梅森-普拉姆利,1716
1164,杰森-塔特姆,1362
1165,达里奥-萨里奇,1305
1166,唐-梅,1351
1167,科特-尼姆费斯,1451
1168,约翰-布朗,1348
1169,鲍伯·菲里克,1077
1170,迈克·法玛尔,1165
1171,加里-格雷戈尔,1277
1172,杜恩-费雷尔,1420
1173,杰夫-福斯特,1472
1174,Mike O'Koren,1449
1175,肯尼-加蒂松,1536
1176,埃利奧特-佩里,1353
1177,马科-雅里奇,1190
1178,维尔-佩尔多,1517
1179,汤姆-哈蒙德,1410
1180,雷杰-金,1512
1181,尤素夫-努尔基奇,1443
1182,罗杰-梅森,1196
1183,德文-布朗,1174
1184,特里-罗齐尔,1152
1185,迈克-斯科特,1339
1186,杰夫-格雷尔,1336
1187,利纳斯-克雷扎,1268
1188,马特-布拉德,1215
1189,达柳斯-桑盖拉,1449
1190,唐-麦克伦,1320
1191,Isaac Austin,1295
1192,Chick Halbert,910
1193,维恩-海托,1039
1194,蒂姆-麦考密克,1547
1195,史蒂夫-柯尔特,1295
1196,查理-贝尔,1192
1197,阿伦-克拉布,1226
1198,斯坦-麦肯茨,1281
1199,吉姆-巴赫托尔德,1117
1200,奥利弗-米勒,1536
1201,Art Williams,1175
1202,布兰登-拉什,1220
1203,香农-布朗,1198
1204,艾利克斯-伦,1408
1205,杰罗姆-威廉姆斯,1425
1206,鲍比-波蒂斯,1295
1207,迈克尔-多里亚克,1246
1208,拉里-克里斯科维亚克,1294
1209,唐-福特,1313
1210,迈克尔-迪克森,1219
1211,杰森-马克希尔,1398
1212,吉姆-皮特森,1371
1213,Freddie Boyd,1165
1214,阿尔蒙德-希尔,1150
1215,迈克-邓利维,1311
1216,里昂-道格拉斯,1386
1217,杰伦-布朗,1311
1218,沃尔特-迈卡蒂,1092
1219,克林特-卡佩拉,1766
1220,杜德利-布拉德利,1222
1221,蔡斯-巴丁格,1188
1222,阿多纳尔-福耶尔,1318
1223,斯莱-威廉姆斯,1322
1224,安迪-约翰逊,1083
1225,Chico Vaughn,1144
1226,格雷格-奥斯特塔格,1339
1227,萨沙-武贾西奇,1075
1228,埃尔文-约翰逊,1393
1229,托尼-斯内尔,1178
1230,斯彼迪-克莱斯克顿,1126
1231,谢尔文-马克,1165
1232,查克-库珀,933
1233,唐-巴克斯代尔,1016
1234,邓台-琼斯,1203
1235,斯科特·布鲁克斯,1233
1236,乔丹-希尔,1357
1237,克里斯-米姆,1253
1238,贾莱德-杰弗里斯,1163
1239,布奇·卡特,1290
1240,凯尔-库兹马,1218
1241,约翰-麦卡锡,958
1242,蒂姆-佩里,1313
1243,托尼-道格拉斯,1093
1244,约翰-舒马特,1393
1245,多曼塔斯-萨博尼斯,1403
1246,乔治-拉特科维茨,999
1247,克里夫-米利,1121
1248,贾里德-萨林格,1172
1249,蒙特雷斯-哈雷尔,1648
1250,马克-杰克逊,1194
1251,保罗-沃尔瑟,968
1252,Dwight Davis,1130
1253,道格-迈克德莫特,1241
1254,詹姆斯-罗宾逊,1050
1255,约翰-汉森,1438
1256,阿瑞尔-马汉,744
1257,贾森-卡菲,1276
1258,亚历山大-帕夫洛维奇,1070
1259,弗雷德-琼斯,1090
1260,帕斯卡尔-西亚卡姆,1334
1261,丹尼尔-吉布森,1065
1262,泰勒-约翰逊,1136
1263,科迪-泽勒,1354
1264,威利-考利-斯坦恩,1421
1265,厄尔尼-卡尔费里,767
1266,特里-德埃,1082
1267,康奈尔-沃纳,1190
1268,安东尼-鲍威,1247
1269,达夫-梅耶斯,1208
1270,里德-霍兹曼,830
1271,弗兰克-卡明斯基,1107
1272,泰鲁斯-托马斯,1147
1273,考奇-卡尔霍恩,1200
1274,比尔-威洛比,1224
1275,达科-米利西奇,1196
1276,陶林-普林斯,1069
1277,德阿龙-福克斯,1162
1278,萨姆-文森特,1163
1279,考比-迪特里克,1210
1280,罗杰-菲格利,1216
1281,鲍伯-布兰努姆,887
1282,本-西蒙斯,1445
1283,约什-柴尔德里斯,1343
1284,威利-伯顿,1090
1285,乔-哈里斯,1214
1286,拉里-怀特,1190
1287,肯尼-沃克,1240
1288,艾德-拉特莱弗,1160
1289,唐-科林斯,1235
1290,马尔科姆-布罗格登,1201
1291,特里-戴维斯,1202
1292,尼科拉-佩科维奇,1314
1293,马库斯-费泽尔,1103
1294,丹尼-福特森,1196
1295,文森特-艾斯丘,1215
1296,威尔-拜纳姆,1117
1297,乔-沃尔夫,1068
1298,杰克-莫兰,1042
1299,Melvin Turpin,1297
1300,克里斯-安德森,1336
1301,李-温菲尔德,1191
1302,汉克-芬克尔,1125
1303,埃东多-纳胡拉,1204
1304,特雷-杨,1071
1305,加里-菲利普斯,926
1306,约翰-华莱士,1152
1307,马特-卡罗尔,1030
1308,威利-诺伍德,1218
1309,艾德-迈肯,799
1310,格雷格-巴克纳,1120
1311,德里克-斯特朗,1067
1312,胡布-里德,1081
1313,迈克·布朗,1126
1314,诺里斯-科尔,1005
1315,Bud Stallworth,1021
1316,菲尔顿-斯宾塞,1194
1317,迪克-施尼特凯,928
1318,哈罗德-普莱斯利,1075
1319,肯-查尔斯,1083
1320,卢克-沃顿,1050
1321,迈克尔-库里,1094
1322,雷-兰普,895
1323,保罗-莫科斯基,1099
1324,阿尔文-斯科特,1171
1325,埃尔斯通-特纳,1049
1326,托格奥-帕拉齐,937
1327,卢瑟-海德,1025
1328,厄尔尼-贝克,929
1329,布莱恩-斯金纳,1194
1330,厄尔-塔图姆,1109
1331,安德里斯-比德林斯,1432
1332,巴尼-卡鲍,1012
1333,艾德-弗莱明,862
1334,道格-史密斯,1020
1335,艾尔-法拉利,878
1336,埃德加-琼斯,1207
1337,格雷格-福斯特,1047
1338,雷吉-埃文斯,1107
1339,E.C.-科尔曼,1104
1340,蒙蒂-威廉姆斯,1143
1341,德胡安-布莱尔,1242
1342,俾斯麦-比永博,1232
1343,李-耐龙,1121
1344,皮特-奇尔卡特,1044
1345,达勒-施鲁埃特,1176
1346,马里克-阿伦,1039
1347,托尼-史密斯,1017
1348,达夫-瓦欧,1015
1349,基翁-克拉克,1179
1350,杰夫-库克,1085
1351,鲁米尔-罗宾逊,1014
1352,Billy Kenville,848
1353,阿特-哈里斯,923
1354,斯科特-伯勒尔,972
1355,凯文-塞拉芬,1134
1356,阿隆佐-基,1001
1357,杰迈克尔-格林,1085
1358,米基-摩尔,1269
1359,季莫费-莫兹戈夫,1230
1360,卢卡-东契奇,1018
1361,科林-塞克斯顿,1032
1362,布鲁斯-希欧斯,996
1363,李-梅贝利,950
1364,米尔扎-泰利托维奇,927
1365,迪克-里凯茨,749
1366,泰勒-泽勒,1160
1367,博格丹-博格达诺维奇,982
1368,特里-弗尔诺,1044
1369,特伊隆-内斯比,918
1370,布拉德-塞勒斯,1026
1371,埃迪-格里芬,854
1372,特雷-莱尔斯,980
1373,乔治-威尔森,841
1374,谢里尔-麦克米伦,981
1375,伊安-马辛米,1201
1376,格雷格-凯尔瑟,1097
1377,丹尼-杨,984
1378,莱恩-埃尔莫尔,929
1379,劳里-马尔卡宁,967
1380,鲍伯-霍伯雷葛斯,906
1381,杰纳-康利,833
1382,斯塔塞-金,1071
1383,阿隆-贝恩斯,1109
1384,杰森-科林斯,918
1385,亚当-基费,1120
1386,弗莱德-霍伊博格,959
1387,沃尔特-贝里,1201
1388,诺布勒-乔简森,801
1389,乔治-诺斯特兰德,678
1390,迪恩-葛洛弗,914
1391,朱德-布伊奇勒,961
1392,马修-德拉维多瓦,863
1393,凯文-卡托,1123
1394,贾仑-杰克逊,865
1395,鲍伯-道尔,633
1396,克雷格-史密斯,1221
1397,卡里斯-勒夫特,950
1398,安德鲁-德克勒克,1118
1399,乔治-穆雷桑,1265
1400,理查德-安德森,909
1401,艾尔-塔克,996
1402,莱昂纳多-格雷,1030
1403,卡里姆-拉什,876
1404,朗戴-霍利斯-杰弗森,979
1405,诺伦斯-诺尔,1183
1406,马克-亚拉里克,1037
1407,卡尔-埃雷拉,1039
1408,汤米-贝尔纳斯,653
1409,迪克-梅恩,832
1410,T.J. 麦康诺,1071
1411,Pep Saul,781
1412,鲍伯-霍普金斯,854
1413,内曼加-别利卡,1003
1414,泰勒-汉斯布鲁 ,947
1415,Monk Meineke,790
1416,威利-琼斯,846
1417,Charles Davis,970
1418,拉沙德-迈坎茨,923
1419,迈尔-里艾比,650
1420,鲍伯-拉沃伊,821
1421,艾利克斯-戈洛加,1013
1422,道格-欧沃顿,880
1423,丹尼-沃尼斯,1056
1424,斯马什-帕克,908
1425,比利-汤普森,1074
1426,达内尔-希尔曼,992
1427,马克-兰斯伯格,1024
1428,哈维-凯奇,926
1429,维克多-亚历山大,1101
1430,佩德拉格-德罗比亚克,903
1431,斯坦利-罗伯茨,1059
1432,简-范布雷德-考尔夫,932
1433,拉素尔-巴特勒,930
1434,Ralph Johnson,692
1435,乔汉-佩特洛,976
1436,迪恩-梅明格,1004
1437,雷杰-约翰逊,1065
1438,查克-海耶斯,1047
1439,丹-加祖里奇,1049
1440,布兰登-怀特,1271
1441,达夫-巴德,962
1442,鲍伯-哈里斯,804
1443,凯尔-奥奎因,1078
1444,阿兰-安德森,843
1445,布莱恩-库克,915
1446,格伦-贡德赖齐克,979
1447,凯文-奥利,845
1448,米尔特-佩拉西奥,863
1449,汤姆-博斯威尔,1096
1450,戴奎恩-库克,758
1451,贾斯蒂斯-温斯洛,856
1452,拉菲尔-爱迪生,920
1453,拉尔斐-贝尔德,749
1454,科里-布朗特,959
1455,唐纳德-洛耶尔,964
1456,普里莫兹-布雷泽克,1012
1457,穆奇-诺里斯,816
1458,比尔-休伊特,891
1459,里切尔-里根,699
1460,杜恩-考斯威尔,1029
1461,萨马基-沃克,936
1462,乔恩-洛伊尔,979
1463,诺曼-鲍威尔,926
1464,卢-希区,759
1465,安东尼-埃文特,814
1466,马里奥-赫佐尼亚,843
1467,凯尔-辛格勒,843
1468,约翰-特拉普,846
1469,易建联,813
1470,比尔-托斯赫夫,634
1471,约翰-诺兰德,659
1472,Walt Budko,684
1473,约翰-哈默,875
1474,斯坦利-约翰逊,743
1475,沙巴兹-内皮尔,790
1476,沙巴兹-穆罕默德,940
1477,拉里-南斯 Jr.,1066
1478,约翰-科林斯,1132
1479,罗尼-普莱斯,738
1480,Mike Davis_,840
1481,约什-麦克罗伯茨,914
1482,托尼-布朗,860
1483,梅耶斯-伦纳德,952
1484,布林-福布斯,848
1485,泰伦斯-琼斯,985
1486,尼克-施陶斯卡斯,765
1487,拉里-麦克内尔,915
1488,马克-伊瓦罗尼,899
1489,弗雷德-范弗里特,804
1490,乔治-李,740
1491,杰里-弗雷什曼,541
1492,阿特-斯波尔斯特拉,763
1493,兰迪-怀特,783
1494,莱奥-默古斯,646
1495,厄尔尼-范德维奇,818
1496,马蒂-康伦,967
1497,德维恩-戴德蒙,1000
1498,阿尔尼-约翰逊,808
1499,蒂亚戈-斯普里特,1073
1500,塞斯-库里,919
1501,约什-杰克逊,804
1502,Chick Reiser,618
1503,安格洛-穆西,558
1504,马特-马龙尼,783
1505,罗伊-怀特,971
1506,布伦特-普莱斯,818
1507,比尔-克洛斯,605
1508,Bud Palmer,624
1509,杰克-凯利斯,691
1510,雷杰-哈丁,785
1511,温-维尔冯,684
1512,贾希尔-奥卡福,1016
1513,拉尔斐-辛普森,764
1514,特洛伊-丹尼尔斯,757
1515,Billy Ray Bates,893
1516,小丹尼斯-史密斯,754
1517,德怀特-鲍威尔,1062
1518,安东尼-邦纳,881
1519,汤姆-拉格拉德,870
1520,马库斯-利伯蒂,783
1521,罗伊尔-尼尔森,819
1522,德马尔-约翰逊,770
1523,弗莱迪-克劳福德,832
1524,杰里-钱伯斯,822
1525,弗兰克-库德尔卡,614
1526,鲁迪-费尔南德斯,740
1527,唐-奥顿,660
1528,切洛基-帕克斯,868
1529,凯文-斯塔康姆,769
1530,波斯简-纳赫巴,744
1531,豪威尔-达尔玛,519
1532,布莱恩-罗伯茨,753
1533,克里斯-邓恩,771
1534,所罗门-希尔,723
1535,昆顿-罗斯,764
1536,埃里克-蒙特罗斯,891
1537,德里克-迪基,854
1538,狄龙-布鲁克斯,761
1539,唐-Carlson,599
1540,拉玛尔-格林,778
1541,迈克-格林,832
1542,马克-麦考恩,694
1543,Mike Holton,796
1544,埃尼斯-威特利,845
1545,塞德里克-亨德森,783
1546,吉姆-斯帕纳克,844
1547,欧米尔-阿西克,947
1548,霍利斯-汤普森,742
1549,阿德里安-格里芬,785
1550,克哈里德-李维斯,744
1551,海伍德-沃克曼,748
1552,Med Park,675
1553,萨姆-马克,713
1554,雷吉-巴洛克,766
1555,乔伊-格拉汉姆,857
1556,乔纳森-西蒙斯,786
1557,罗波特-特雷勒,841
1558,兰斯-托马斯,740
1559,布雷迪-沃克,673
1560,迈克尔-史密斯,950
1561,拉沃伊-阿伦,828
1562,John Warren,754
1563,伊拉-纽贝尔,782
1564,克里斯-凯尔,730
1565,凯兰纳-阿祖布克,802
1566,斯科特-波拉德,858
1567,吉姆-塞米诺夫,535
1568,杰纳-万斯,546
1569,伊唐-托马斯,890
1570,达伦-达耶,849
1571,乔-斯特拉瓦德,737
1572,塔里克-阿卜杜-瓦哈德,720
1573,史蒂夫-诺瓦克,751
1574,马库斯-班克斯,741
1575,Mo Layton,765
1576,沙隆-怀特,777
1577,蒂姆-莱格勒,762
1578,梅尔文-依莱,783
1579,约翰-兰伯特,725
1580,Joe Hassett,712
1581,基斯-阿斯金斯,677
1582,沙蒙德-威廉姆斯,676
1583,艾迪-罗宾逊,852
1584,迪克-吉布斯,675
1585,马基斯-克里斯,763
1586,史蒂夫-帕特森,672
1587,戴维斯-贝尔坦斯,733
1588,格雷格-迈纳,794
1589,以赛亚-坎南,616
1590,卡洛斯-罗杰斯,888
1591,斯科特-帕吉特,679
1592,保罗-格里芬,837
1593,唐-博文,561
1594,詹姆斯-恩尼斯,749
1595,沃尔特-戴维斯,623
1596,赛尔吉奥-罗德里格斯,676
1597,安东尼-罗伯茨,679
1598,谢伊-吉尔杰斯-亚历山大,783
1599,朗佐-鲍尔,647
1600,汤姆-托尔波特,757
1601,约翰-阿米奇,663
1602,约吉-费雷尔,691
1603,富兰克林-爱德华兹,738
1604,加里-布罗考,731
1605,赛迪-奥斯曼,716
1606,伊恩-克拉克,718
1607,马努特-波尔,665
1608,格雷格-凯特,716
1609,布莱恩-卡迪纳尔,664
1610,乔尔-普尔兹比拉,896
1611,肯-穆雷,541
1612,达夫-塔沃德兹克,891
1613,米切尔-巴特勒,707
1614,托马斯-萨托兰斯基,756
1615,肖恩-威廉姆斯,650
1616,罗尼-图里亚夫,856
1617,劳伦斯-方德伯克,812
1618,罗德尼-卡尼,675
1619,托德-里赫迪,733
1620,卢克-巴比特,650
1621,艾尔-斯金纳,696
1622,凯尔-安德森,781
1623,罗恩-莱利,665
1624,乔治-卡夫腾,586
1625,杰拉德-格拉斯,686
1626,托尼-加洛斯,481
1627,斯坦-斯图茨,402
1628,查克-吉尔摩,511
1629,德隆-莱特,707
1630,皮特-梅耶斯,660
1631,贾马里奥-穆恩,723
1632,Mike Todorovich,484
1633,唐-普特曼,410
1634,理查恩-福尔摩斯,911
1635,达夫-索恩森,690
1636,多纳塔斯-莫泰尤纳斯,731
1637,罗伦佐-洛马尔,720
1638,康特尼-亚历山大,655
1639,埃德里斯-阿德巴约,862
1640,马克-穆斯卡拉,712
1641,Bud Olsen,653
1642,泰尔斯-琼斯,663
1643,奈格勒-奈特,671
1644,唐尼·布彻,610
1645,查理-布莱克,435
1646,维尔-琼斯,664
1647,Corky Devlin,560
1648,罗耶尔-埃维,622
1649,罗德尼-布福德,630
1650,里昂-伍德,598
1651,马里克-比斯利,682
1652,斯科特-洛依德,647
1653,丹-迪考,608
1654,吉姆-帕尔默,627
1655,安德鲁-尼克尔森 ,708
1656,弗朗西斯科-埃尔森,725
1657,布莱恩-斯卡拉布莱恩,590
1658,Charles Jones__,725
1659,科里-亚历山大,587
1660,迪克-舒尔兹,391
1661,哈罗德-迈纳,692
1662,迪恩-加勒特,722
1663,拉里-斯图尔特,765
1664,盖斯-杰勒德,655
1665,迈克-索杰纳,721
1666,杰隆-科林斯,682
1667,安托万-怀特,617
1668,马利克-蒙克,592
1669,安东尼-兰多夫,677
1670,沃恩-加德纳,514
1671,罗恩-索比,564
1672,鲍比-刘易斯,564
1673,比尔-特纳,603
1674,埃尔德里奇-雷卡斯那,629
1675,贾森-哈特,614
1676,Pearl Washington,666
1677,汤姆-亚伯内替,724
1678,卡尔-克里斯滕森,486
1679,艾米-乌度卡,614
1680,蒂姆-巴塞特,570
1681,Wah Wah Jones,521
1682,泰利斯-弗兰克,639
1683,罗德尼-怀特,617
1684,本-沃利,600
1685,乔治-邓普斯,591
1686,伊尔夫-托果夫,357
1687,Blackie Towery,425
1688,约翰-克罗蒂,625
1689,罗尼-莱斯特,679
1690,豪威尔-香农,514
1691,兰德里-菲尔兹,684
1692,A.J.-普莱斯,549
1693,斯坦-乐福,636
1694,查尔斯-沙克勒福德,698
1695,马尔文-巴恩斯,638
1696,贾希迪-怀特,736
1697,丹特-格林,585
1698,多里安-芬尼-史密斯,612
1699,特尤斯-艾德尼,583
1700,罗德-福斯特,631
1701,阿尔奇-蒂斯,575
1702,鲁斯-舍尼,621
1703,艾德-曼宁,603
1704,安东尼-戈尔德怀尔,580
1705,拉鲁-马丁,591
1706,艾德-卡拉法特,490
1707,A.J.-英格利什,617
1708,Louie Dampier,692
1709,杰里安-格兰特,583
1710,奥斯丁-达耶,567
1711,沃恩-哈顿,485
1712,迪拉德-克罗克,444
1713,埃里克-莱克纳,713
1714,拉里-桑德斯,669
1715,多利斯-穆雷,593
1716,格伦-罗宾逊三世,640
1717,克里斯-克劳福德,609
1718,托尼-罗滕,575
1719,诺阿-冯莱,638
1720,马杰伊-琼斯,678
1721,埃迪-米勒,517
1722,杰克-沃斯库尔,673
1723,迈尔斯-普拉姆利,748
1724,查尔斯-杜德里,686
1725,乔尼-弗林,551
1726,鲍伯-詹汉,662
1727,贾莱特-阿伦,836
1728,温福特-博伊恩斯,598
1729,罗伊德-丹尼尔斯,553
1730,马尚-布鲁克斯,613
1731,路易斯-阿蒙德森,648
1732,拜伦-穆伦斯,557
1733,史蒂夫-哈里斯,592
1734,托马斯-罗宾逊,640
1735,沃恩提格-卡明斯,521
1736,沃利-奥斯特科恩,453
1737,比尔-麦克吉尔,658
1738,昆西-庞德塞特,571
1739,约翰-布里斯科尔,590
1740,乔-霍拉普,460
1741,杰罗姆-詹姆斯,650
1742,德安德烈-艾顿,764
1743,萨姆-威廉姆斯,668
1744,布鲁斯-霍尔,444
1745,拉尔斐-戴维斯,545
1746,卢克-肯纳德,585
1747,唐-洛夫格兰,436
1748,斯科特-黑斯廷斯,584
1749,里基-布朗,614
1750,阿特-海曼,564
1751,约什-哈特,565
1752,罗伊德-沃顿,599
1753,肖恩-基尔帕特里克,545
1754,厄尔-香农,402
1755,保罗-汤普森,568
1756,凯文-诺克斯,482
1757,昆西-阿希,583
1758,斯蒂文-亨特,735
1759,汉克-宾德斯,348
1760,雷吉-威廉姆斯,599
1761,乔-霍兰德,434
1762,斯坦尼斯拉夫-梅德维登科,590
1763,克里斯-道格拉斯-罗伯茨,574
1764,艾尔-艾伯哈德,566
1765,肖恩-希金斯,559
1766,保罗-格拉汉姆,582
1767,雷克斯-沃特斯,572
1768,杰夫-兰谱,607
1769,杰伦-杰克逊,626
1770,肖恩-拉金,545
1771,弗莱德-希尔顿,500
1772,盖伊-斯帕罗,461
1773,阿莱克西-阿金萨,645
1774,吉默-弗雷戴特,524
1775,耶里-维尔什科,516
1776,OG-阿奴诺比,613
1777,詹姆斯-安德森,525
1778,谢尔登-威廉姆斯,590
1779,菲利普-洛佩兹,550
1780,罗兰德-加勒特,562
1781,约翰-叶泽尔斯基,366
1782,詹姆斯-哈迪,611
1783,贾万-欧德汉姆,608
1784,Eddie Lee Wilkins,596
1785,凯文-许尔特,527
1786,萨姆-杨,560
1787,Mickey Davis,579
1788,迈尔斯-布里奇斯,556
1789,马蒂-贝尔纳斯,585
1790,大卫-伍德,567
1791,德章泰-穆雷,575
1792,Bumper Tormohlen,515
1793,亚当-莫里森,467
1794,达柳斯-米勒,523
1795,迪克-法利,481
1796,杰夫-朱德金斯,596
1797,丹泽尔-瓦伦蒂内,500
1798,查理-戴维斯,506
1799,阿拉拉-阿布德纳比,620
1800,兰多夫-基斯,522
1801,丹特-埃萨姆,499
1802,沙勒尔-汉密尔顿,485
1803,乔纳森-本德,509
1804,肯尼-希格斯,538
1805,蒂姆-弗雷泽,498
1806,Dino Martin,357
1807,贾斯汀-杰克逊,526
1808,凯西-雅克布森,476
1809,鲍伯-沃里克,496
1810,兰卡斯特-戈登,472
1811,阿历克谢-舍维德,445
1812,凯文-麦肯纳,498
1813,肯-班尼斯特,586
1814,威利-麦卡特,482
1815,泰瑞斯-奈特,522
1816,莱恩-鲍文,544
1817,蒙特-莫里斯,572
1818,约翰-卢卡斯三世,454
1819,杰克-查卡利迪斯,580
1820,德文特-格雷厄姆,442
1821,罗伯特-霍金斯,534
1822,德萨盖纳-迪奥普,503
1823,莱恩-霍林斯,687
1824,Curly Armstrong,347
1825,杰纳-威利,553
1826,鲍伯-波特曼,519
1827,丹尼-分恩,382
1828,安德烈-罗伯森,563
1829,约翰-海,508
1830,比尔-加内特,572
1831,乔-罗伯茨,446
1832,Manny Leaks,456
1833,迈克尔-斯维特尼,564
1834,迪克-奥克非,316
1835,马克西-克勒贝尔,540
1836,汤姆-盖里克,543
1837,Tommy Kron,450
1838,兰德尼-麦格鲁德,473
1839,丹伊恩-多特森,482
1840,阿特-斯派克特,322
1841,吉姆-托马斯,541
1842,迈尔-戴维斯,431
1843,阿尔尼-菲林,381
1844,Luther Rackley,517
1845,艾派-尤度,519
1846,罗德里格-布博瓦,502
1847,马克·卡尔文,480
1848,亨利-詹姆斯,472
1849,罗伯-威廉姆斯,500
1850,凯文-威廉姆斯,495
1851,约什-鲍威尔,498
1852,本-科尔曼,583
1853,艾尔·塞尔维,405
1854,杰罗米-雷恩,497
1855,厄尔-克拉克,453
1856,Jim Paxson_,363
1857,罗恩-里德,409
1858,迪克-辛普金斯,495
1859,埃里克-梅诺,440
1860,帕特-康诺顿,497
1861,拉布莱德福德-史密斯,485
1862,柯克-施耐德,489
1863,鲍伯-金尼,394
1864,弗兰克-尼利基纳,408
1865,肯尼-麦金托斯,401
1866,艾德-内里,553
1867,基斯-赫伦,485
1868,马库斯-威廉姆斯,427
1869,索尼-威姆斯,514
1870,马克-斯特里克兰,539
1871,Bird Averitt,432
1872,唐-瑞德,583
1873,弗莱德-桑德斯,487
1874,卡蒂尔-马丁,430
1875,唐纳德-斯隆,449
1876,萨利姆-斯塔德迈尔,446
1877,布雷斯-德鲁,419
1878,比尔-丁威迪,404
1879,达夫-费特尔,471
1880,约翰-维特泽尔,465
1881,约翰-洛奇,507
1882,格兰迪-刘易斯,273
1883,乔纳森-艾萨克,466
1884,伊维察-祖巴茨,601
1885,豪威尔-舒尔茨,292
1886,弗拉迪米尔-斯蒂潘尼亚,455
1887,马克-戴维斯,473
1888,Lou-西奥罗普洛斯 ,337
1889,德安德烈-本布里,479
1890,肯尼-威廉姆斯,547
1891,Zeke Zawoluk,396
1892,吉列尔莫-埃尔南戈麦斯,564
1893,查克-孟瑟,363
1894,扎恩-塔巴克,537
1895,泰伦斯-威廉姆斯,437
1896,唐纳德-霍吉,462
1897,肯尼-罗林斯,326
1898,特伦斯-斯坦斯布里,468
1899,德克-米尼菲尔德,493
1900,里克-布朗森,397
1901,托德-麦克洛奇,568
1902,卡尔文-布斯,472
1903,李-诺莱科,317
1904,泰瑞斯-梅斯,429
1905,史蒂夫-布雷西,487
1906,约什-布恩,567
1907,德里克-怀特,489
1908,杰纳-斯塔姆普,315
1909,蒂莫西-鲁瓦乌,405
1910,杰克-吉文斯,416
1911,雷杰-斯莱特,502
1912,哈里-博伊考夫,414
1913,约翰-詹尼斯,297
1914,尼尔森-鲍勃,361
1915,John Oldham,326
1916,查理-哈德尼特,433
1917,莫隆-威利,421
1918,鲍比-赫利,361
1919,杰克-哈利,434
1920,埃玛奴奥尔-戴维斯,402
1921,拉里-斯塔夫曼,474
1922,Freddie Lewis_,318
1923,吉姆-麦克丹尼尔斯,409
1924,基斯-迈克里奥德,363
1925,马克-阿克莱斯,514
1926,托尼-杜马斯,409
1927,鲍伯-纳什,441
1928,基斯-李,456
1929,乔尔-克拉默,483
1930,莱奥-克莱尔,282
1931,雅各布-珀尔特尔,642
1932,阿卜杜尔-吉拉尼,475
1933,迪克-康宁汉姆,408
1934,Bulbs Ehlers,286
1935,亚历克-科斯勒,425
1936,劳尔-内图,443
1937,杰弗瑞-洛文吉,477
1938,本-麦克唐纳德,463
1939,泰勒-尤利斯,398
1940,唐尼尔-哈维,453
1941,吉姆-霍尔斯滕,317
1942,伯尼尔-威廉姆斯,363
1943,贾斯汀-安德森,409
1944,加里-梅尔西奥尼,434
1945,肯尼-菲尔兹,463
1946,克里斯-G.史密斯,425
1947,威廉-贝德福特,405
1948,卡尔-尼克斯,450
1949,米卡尔-布里奇斯,452
1950,金-休斯,435
1951,达胡安-瓦格纳,354
1952,泰德-麦克莱恩,430
1953,埃克-迪奥古,488
1954,索恩-马克,415
1955,罗波特-史密斯,417
1956,克里斯-奎因,381
1957,蒂姆-坎普顿,458
1958,贾伦-布伦森,445
1959,里昂-鲍威,490
1960,鲍伯-卡朋特,321
1961,尼克-琼斯,393
1962,特里-德里斯科尔,403
1963,吉姆-麦克伊尔瓦因,423
1964,罗伊斯-奥尼尔,424
1965,Tex Ritter,323
1966,杰拉尼-麦考伊,510
1967,布鲁克-斯蒂帕,443
1968,萨姆-德克尔,451
1969,达夫-迈纳,339
1970,马克尔-富尔茨,430
1971,吉姆-莱斯,372
1972,库尔比-贡特尔,311
1973,杰克-斯迈利,239
1974,伯纳德-汤普森,410
1975,德拉甘·本德尔,373
1976,皮特-克洛斯,403
1977,罗恩-利文斯通,267
1978,奎因-库克,435
1979,沃恩-韦弗,390
1980,特里-杜伊劳德,429
1981,多米尼克-麦圭尔,388
1982,塞尔克-雷布拉夏,488
1983,凯文-奥谢,311
1984,杰夫-马丁,384
1985,雷-麦卡勒姆,374
1986,凯文-诺克斯,338
1987,斯坦-诺斯扎卡,256
1988,汤姆-马绍尔,354
1989,卡梅隆-佩恩,361
1990,兰德里-沙梅特,386
1991,Chink Crossin,288
1992,泽维尔-亨利,368
1993,Josh Okogie,366
1994,弗莱德-拉考尔,381
1995,约翰-拉斯克沃斯基,359
1996,德里克-齐沃斯,399
1997,菲尔-罗林斯,350
1998,Ralph O'Brien,324
1999,伊尔夫-罗森博格,240
2000,约翰-麦克诺夫斯基,285
