,comment,typeid,play,pic,subtitle,description,copyright,title,review,author,mid,created,length,video_review,aid,bvid,hide_click,is_pay,is_union_video,is_steins_gate,is_live_playback
0,10760,171,2143850,http://i1.hdslb.com/bfs/archive/16571afaff45bbc67d2f6cec99595cf1798042e3.jpg,,S12全球总决赛LPL出征仪式！,1,S12全球总决赛LPL出征仪式！,0,哔哩哔哩英雄联盟赛事,50329118,1662303916,11:38,24960,602635128,BV1QB4y1G746,False,0,0,0,0
1,17513,171,2696133,http://i0.hdslb.com/bfs/archive/de37e66afdfa9ecfb929d23ef2443b23ae6837ef.jpg,,【S12资格赛】9月4日 RNG vs LNG,1,【S12资格赛】9月4日 RNG vs LNG,0,哔哩哔哩英雄联盟赛事,50329118,1662287580,380:43,42798,900243053,BV1SP4y1o7xn,False,0,0,0,0
2,269,171,85395,http://i0.hdslb.com/bfs/archive/755c53503a8355f37284047fa906f246f9a813c5.jpg,,【LPL夏季赛TOP5】9月3日：无尽雷火杀四方 不灭金刚腾云出,1,【LPL夏季赛TOP5】9月3日：无尽雷火杀四方 不灭金刚腾云出,0,哔哩哔哩英雄联盟赛事,50329118,1662219256,04:54,97,772662994,BV1314y1s7Lo,False,0,0,0,0
3,173,171,89117,http://i2.hdslb.com/bfs/archive/35504bc864ebe7f79adc5661bc9aacee6a37e800.jpg,,2022联盟嘉年华云顶之弈&金铲铲之战表演赛,1,2022联盟嘉年华云顶之弈&金铲铲之战表演赛,0,哔哩哔哩英雄联盟赛事,50329118,1662219212,115:24,664,645225769,BV19Y4y1T71Q,False,0,0,0,0
4,359,171,108483,http://i2.hdslb.com/bfs/archive/ae704f23dd527d605946228b91c072c3a3015f52.jpg,,【LPL赛事速看】资格赛D2:V5一比三不敌LNG，无缘世界赛,1,【LPL赛事速看】资格赛D2:V5一比三不敌LNG，无缘世界赛,0,哔哩哔哩英雄联盟赛事,50329118,1662216944,21:29,499,260169399,BV1me411g7q1,False,0,0,0,0
5,6607,171,954343,http://i2.hdslb.com/bfs/archive/7d87a131143e1fb9b653e4434fe722cdbe6259a5.jpg,,【S12资格赛】9月3日 LNG vs V5,1,【S12资格赛】9月3日 LNG vs V5,0,哔哩哔哩英雄联盟赛事,50329118,1662201815,274:16,9055,645135636,BV1TY4y1g7SA,False,0,0,0,0
6,3445,171,924317,http://i0.hdslb.com/bfs/archive/1bc4d27fcd2609419d4acdc9b6d5b5a7a8607ec4.jpg,,英雄联盟嘉年华-明星表演赛,1,英雄联盟嘉年华-明星表演赛,0,哔哩哔哩英雄联盟赛事,50329118,1662131035,150:57,29274,345196389,BV1fd4y1G7F4,False,0,0,0,0
7,406,171,183189,http://i1.hdslb.com/bfs/archive/9d1b93f075c74f31a96bc42e1bba143ec34c8d25.jpg,,【LPL赛事速看】资格赛D1：EDG让二追三击败RNG 晋级S12全球总决赛,1,【LPL赛事速看】资格赛D1：EDG让二追三击败RNG 晋级S12全球总决赛,0,哔哩哔哩英雄联盟赛事,50329118,1662130934,21:05,1037,560237073,BV1se4y1h7qv,False,0,0,0,0
8,209,171,82516,http://i1.hdslb.com/bfs/archive/722f81b1bd2e20e75ac5ce2ab7b9faf000298817.jpg,,【S12资格赛TOP5】9月2日：滔天鳄霸翻江海 磐石皆转命如织,1,【S12资格赛TOP5】9月2日：滔天鳄霸翻江海  磐石皆转命如织,0,哔哩哔哩英雄联盟赛事,50329118,1662130621,03:30,95,560155091,BV1he4y1Y759,False,0,0,0,0
9,15241,171,2289426,http://i2.hdslb.com/bfs/archive/a18154c53f314334b1b7c6500bad0d19a57799cd.jpg,,【S12资格赛】9月2日 EDG vs RNG,1,【S12资格赛】9月2日 EDG vs RNG,0,哔哩哔哩英雄联盟赛事,50329118,1662111516,308:03,62560,645160930,BV1eY4y1T7pe,False,0,0,0,0
10,286,171,78743,http://i0.hdslb.com/bfs/archive/0a000c129efd65c2f3c9388a9f038e344bbb2856.jpg,,【LPL夏季赛TOP5】9月1日：狐妖衔珠魅舞惑敌 雷火相接电鸣溃军,1,【LPL夏季赛TOP10】9月1日：狐妖衔珠魅舞惑敌 雷火相接电鸣溃军,0,哔哩哔哩英雄联盟赛事,50329118,1662052496,06:19,199,857724327,BV1tV4y1p71s,False,0,0,0,0
11,540,171,131422,http://i2.hdslb.com/bfs/archive/68308f8ab77ab25398a681c00e02cf43c139fe7f.jpg,,【LPL赛事速看】总决赛：JDG鏖战五局击败TES，夺得夏季赛冠军,1,【LPL赛事速看】总决赛：JDG鏖战五局击败TES，夺得夏季赛冠军,0,哔哩哔哩英雄联盟赛事,50329118,1662049379,26:39,787,857727962,BV18V4y1p7WW,False,0,0,0,0
12,13706,171,1973197,http://i1.hdslb.com/bfs/archive/f63d95af8eec1d151516f657183c4a6c088cd0df.jpg,,【2022LPL夏季赛】9月1日 JDG vs TES,1,【2022LPL夏季赛】9月1日 JDG vs TES,0,哔哩哔哩英雄联盟赛事,50329118,1662027843,355:26,27176,217571139,BV1La411V7o5,False,0,0,0,0
13,1076,171,284394,http://i1.hdslb.com/bfs/archive/edbb112325d4bfee39bacd97040fe0ffda24b275.jpg,,【2022LPL夏季赛】TES vs JDG 决赛前媒体发布会,1,【2022LPL夏季赛】TES vs JDG 决赛前媒体发布会,0,哔哩哔哩英雄联盟赛事,50329118,1661945816,23:18,4622,472606373,BV1KT411c7fq,False,0,0,0,0
14,423,171,137102,http://i2.hdslb.com/bfs/archive/0e5db76e065dba69473d523fd67ec61b4b31046c.jpg,,【LPL夏季赛TOP5】8月28日：金箍一棒翻江海  耀眼金光乾坤逆,1,【LPL夏季赛TOP5】8月28日：金箍一棒翻江海  耀眼金光乾坤逆,0,哔哩哔哩英雄联盟赛事,50329118,1661693236,04:16,332,514909158,BV1Eg411D7Wo,False,0,0,0,0
15,668,171,174997,http://i2.hdslb.com/bfs/archive/976dcad52d61add7baa6e613980be8446ad85e7e.jpg,,【LPL赛事速看】败者组决赛: TES势不可挡三比零淘汰EDG 晋级决赛,1,【LPL赛事速看】败者组决赛: TES势不可挡三比零淘汰EDG 晋级决赛,0,哔哩哔哩英雄联盟赛事,50329118,1661692292,14:18,857,599991006,BV1HB4y147Do,False,0,0,0,0
16,9278,171,1821152,http://i0.hdslb.com/bfs/archive/6371475e05c8899793ac5912c7a83a68c6db85cf.jpg,,【2022LPL夏季赛】8月28日 EDG vs TES,1,【2022LPL夏季赛】8月28日 EDG vs TES,0,哔哩哔哩英雄联盟赛事,50329118,1661682373,201:55,23594,387476330,BV1Ed4y197ty,False,0,0,0,0
17,473,171,114171,http://i0.hdslb.com/bfs/archive/d58b2904f1a9cb6ac112034e68d110a71134fcbc.jpg,,【LPL夏季赛TOP5】8月26日：电能激荡花火漫天起 旋刃跳动乘风凯旋归,1,【LPL夏季赛TOP5】8月26日：电能激荡花火漫天起 旋刃跳动乘风凯旋归,0,哔哩哔哩英雄联盟赛事,50329118,1661532150,04:59,327,344980848,BV1md4y1A7My,False,0,0,0,0
18,619,171,151173,http://i2.hdslb.com/bfs/archive/fa2a4c80ba5af41b359bffcc4d3cb8f360676fb4.jpg,,【LPL赛事速看】胜者组决赛:JDG让二追三击败TES，晋级决赛！,1,【LPL赛事速看】胜者组决赛:JDG让二追三击败TES，晋级决赛！,0,哔哩哔哩英雄联盟赛事,50329118,1661531381,33:06,1588,899992578,BV1PP4y1f7Ty,False,0,0,0,0
19,13845,171,1837277,http://i1.hdslb.com/bfs/archive/1b1ac85e1e4cfb3194143e00001006e7983cf660.jpg,,【2022LPL夏季赛】8月26日 TES vs JDG,1,【2022LPL夏季赛】8月26日 TES vs JDG,0,哔哩哔哩英雄联盟赛事,50329118,1661512523,312:45,31382,514880572,BV1ug411D7WB,False,0,0,0,0
20,449,171,138758,http://i2.hdslb.com/bfs/archive/cd5c0ff54e6d5a44facbda59a9e36aa2daefe0fd.jpg,,【LPL赛事速看】季后赛D9: EDG三比一淘汰LNG 晋级败者组决赛,1,【LPL赛事速看】季后赛D9: EDG三比一淘汰LNG 晋级败者组决赛,0,哔哩哔哩英雄联盟赛事,50329118,1661441272,17:10,550,687476673,BV1SU4y167hz,False,0,0,0,0
21,197,171,71525,http://i2.hdslb.com/bfs/archive/aaed8d531570b1bf04b757c9df957de7fc34e63a.jpg,,【LPL夏季赛TOP5】8月25日：灿丽花火照前路 强掳破敌定胜局,1,【LPL夏季赛TOP5】8月25日：灿丽花火照前路 强掳破敌定胜局,0,哔哩哔哩英雄联盟赛事,50329118,1661436773,04:39,208,729942490,BV1pD4y167JJ,False,0,0,0,0
22,4994,171,1136376,http://i2.hdslb.com/bfs/archive/a1ce8526fecacd0eb13ea602d6af01d71f2a1856.jpg,,【2022LPL夏季赛】8月25日 EDG vs LNG,1,【2022LPL夏季赛】8月25日 EDG vs LNG,0,哔哩哔哩英雄联盟赛事,50329118,1661422811,258:11,16240,602451793,BV1NB4y1G7Nq,False,0,0,0,0
23,180,171,98458,http://i1.hdslb.com/bfs/archive/6cc3284537b533649e0041655cc2c175fc0b9d77.jpg,,【LPL夏季赛TOP5】8月23日：巨鳄狂袭踏天碎地 弑君突刺禁敌破军,1,【LPL夏季赛TOP5】8月23日：巨鳄狂袭踏天碎地 弑君突刺禁敌破军,0,哔哩哔哩英雄联盟赛事,50329118,1661262907,04:30,160,942293291,BV1NW4y1874F,False,0,0,0,0
24,377,171,124865,http://i0.hdslb.com/bfs/archive/0709e743949a4689011d88ead1fcacf64cf5a32d.jpg,,【LPL赛事速看】季后赛D8:JDG三比零轻取LNG晋级胜者组决赛,1,【LPL赛事速看】季后赛D8:JDG三比零轻取LNG晋级胜者组决赛,0,哔哩哔哩英雄联盟赛事,50329118,1661259502,19:41,809,814780029,BV1YG4y1r7vE,False,0,0,0,0
25,5861,171,981734,http://i0.hdslb.com/bfs/archive/d6de92d11992b6ea8073983336595c80b36c66bb.jpg,,【2022LPL夏季赛】8月23日 JDG vs LNG,1,【2022LPL夏季赛】8月23日 JDG vs LNG,0,哔哩哔哩英雄联盟赛事,50329118,1661250393,196:35,13126,217296173,BV1ka41157SQ,False,0,0,0,0
26,432,171,125263,http://i0.hdslb.com/bfs/archive/9a92f45344bf7e152d9ed0306da4a16b63d587fa.jpg,,【LPL夏季赛TOP10】8月22日：何人可拒银龙起？且问手中开天戟！,1,【LPL夏季赛TOP10】8月22日：何人可拒银龙起？且问手中开天戟！,0,哔哩哔哩英雄联盟赛事,50329118,1661185286,06:55,422,687368183,BV1TU4y167yg,False,0,0,0,0
27,645,171,152436,http://i0.hdslb.com/bfs/archive/0f4dfcb4682bae648b881b116a9338d892d642ce.jpg,,【LPL赛事速看】季后赛D7: TES三比二翻盘战胜EDG 挺进胜者组决赛,1,【LPL赛事速看】季后赛D7: TES三比二翻盘战胜EDG 挺进胜者组决赛,0,哔哩哔哩英雄联盟赛事,50329118,1661182262,23:17,991,259779562,BV1oa411d7u3,False,0,0,0,0
28,11369,171,1824304,http://i0.hdslb.com/bfs/archive/9f30115bf5b8cd0a62e37b18e53cf59f141a5f50.jpg,,【2022LPL夏季赛】8月22日 TES vs EDG,1,【2022LPL夏季赛】8月22日 TES vs EDG,0,哔哩哔哩英雄联盟赛事,50329118,1661163574,316:12,26362,984784673,BV1pt4y1n7jE,False,0,0,0,0
29,584,171,271700,http://i0.hdslb.com/bfs/archive/0997c9301480d86a63c9dea1275f1c92ddb4328e.jpg,,【LPL赛事速看】季后赛D6:LNG鏖战五局击败V5,1,【LPL赛事速看】季后赛D6：LNG鏖战五局击败V5,0,哔哩哔哩英雄联盟赛事,50329118,1661095335,23:32,731,514634581,BV1cg411r7wp,False,0,0,0,0
30,163,171,54900,http://i2.hdslb.com/bfs/archive/6094e0336b12bc0eebf04a2f30dae3d43901f5f4.jpg,,【LPL夏季赛TOP5】8月21日：雷鸣电闪花火天牢引 幽影藏锋冷刃杀缭乱,1,【LPL夏季赛TOP5】8月21日：雷鸣电闪花火天牢引 幽影藏锋冷刃杀缭乱,0,哔哩哔哩英雄联盟赛事,50329118,1661094675,03:09,92,899633007,BV1nN4y1V7Es,False,0,0,0,0
31,7676,171,1000423,http://i1.hdslb.com/bfs/archive/f11c2a2778f28a7bfac19c7fb99d6f46d30c806d.jpg,,【2022LPL夏季赛】8月21日 V5 vs LNG,1,【2022LPL夏季赛】8月21日 V5 vs LNG,0,哔哩哔哩英雄联盟赛事,50329118,1661076891,284:07,12594,599663573,BV1TB4y1z7mK,False,0,0,0,0
32,437,171,100420,http://i2.hdslb.com/bfs/archive/9ee224afb2d109343b03ff0d8a19805883f4d131.jpg,,【LPL夏季赛TOP5】8月20日：狂沙猛攻禁军至 利刃剑舞破空斩,1,【LPL夏季赛TOP5】8月20日：狂沙猛攻禁军至 利刃剑舞破空斩,0,哔哩哔哩英雄联盟赛事,50329118,1661004061,04:11,314,729670875,BV1jS4y1W7xh,False,0,0,0,0
33,1941,171,254697,http://i0.hdslb.com/bfs/archive/75ed511f5fd7d347ab7c76211567d8be531a9cd1.jpg,,【LPL赛事速看】季后赛D5: EDG三比一淘汰RNG 晋级四强,1,【LPL赛事速看】季后赛D5: EDG三比一淘汰RNG 晋级四强,0,哔哩哔哩英雄联盟赛事,50329118,1661001810,14:47,1237,942229376,BV1yW4y1b716,False,0,0,0,0
34,15466,171,1668461,http://i1.hdslb.com/bfs/archive/f37dc05fa7476584b9a9a57491eefa6e5990d8e9.jpg,,【2022LPL夏季赛】季后赛 8月20日 RNG vs EDG,1,【2022LPL夏季赛】季后赛 8月20日 RNG vs EDG,0,哔哩哔哩英雄联盟赛事,50329118,1660989603,206:03,35956,984627757,BV1vt4y1J7V9,False,0,0,0,0
35,304,171,74174,http://i2.hdslb.com/bfs/archive/6243fb3f43656392536287706f65b7fff09a0d75.jpg,,【LPL夏季赛TOP5】8月19日：凛冬之怒极冰降寒狱 灵狐绕珠夺魄摄残魂,1,【LPL夏季赛TOP5】8月19日：凛冬之怒极冰降寒狱 灵狐绕珠夺魄摄残魂,0,哔哩哔哩英雄联盟赛事,50329118,1660919487,03:07,109,302191467,BV1BP411j7CZ,False,0,0,0,0
36,570,171,109499,http://i1.hdslb.com/bfs/archive/e2b0e6fb9c279f6c904087a6bf26f703eb06b0de.jpg,,【LPL赛事速看】季后赛D4:LNG势不可挡三比一击败WBG,1,【LPL赛事速看】季后赛D4:LNG势不可挡三比一击败WBG,0,哔哩哔哩英雄联盟赛事,50329118,1660918481,16:28,855,259682651,BV1ta411d7q1,False,0,0,0,0
37,10473,171,1045145,http://i0.hdslb.com/bfs/archive/9b0ea7ff39354fc67e75f142c30f5836bc69d3e8.jpg,,【2022LPL夏季赛】季后赛 8月19日 WBG vs LNG,1,【2022LPL夏季赛】季后赛 8月19日 WBG vs LNG,0,哔哩哔哩英雄联盟赛事,50329118,1660904544,250:45,17546,599640825,BV1SB4y1B7Pw,False,0,0,0,0
38,293,171,122564,http://i2.hdslb.com/bfs/archive/5089caeaadf966fd43796c924ad94e8838d779e9.jpg,,【LPL赛事速看】季后赛D3: EDG三比一淘汰FPX 晋级下一轮,1,【LPL赛事速看】季后赛D3: EDG三比一淘汰FPX  晋级下一轮,0,哔哩哔哩英雄联盟赛事,50329118,1660834965,20:57,720,899664010,BV1hN4y1V7KN,False,0,0,0,0
39,189,171,64232,http://i0.hdslb.com/bfs/archive/89fe4c136b38dc132c9cc74b9eb46ea7075c3af7.jpg,,【LPL夏季赛TOP5】8月18日：鳄霸战斧刃群雄 轮盘回旋奏凯歌,1,【LPL夏季赛TOP5】8月18日：鳄霸战斧刃群雄 轮盘回旋奏凯歌,0,哔哩哔哩英雄联盟赛事,50329118,1660832277,03:53,119,772174484,BV1P14y1t7WD,False,0,0,0,0
40,4103,171,854425,http://i0.hdslb.com/bfs/archive/747d39b5eb3d1beaad119fb1a8b0e16181dc45d0.jpg,,【2022LPL夏季赛】季后赛 8月18日 EDG vs FPX,1,【2022LPL夏季赛】季后赛 8月18日 EDG vs FPX,0,哔哩哔哩英雄联盟赛事,50329118,1660817790,253:54,11196,984625162,BV1vt4y1J76y,False,0,0,0,0
41,264,171,117327,http://i2.hdslb.com/bfs/archive/cc163fe30434f2b1a350f765fa0f3dcf6d11d3e6.jpg,,【LPL赛事速看】季后赛D2:LNG有惊无险三比一击败BLG,1,【LPL赛事速看】季后赛D2:LNG有惊无险三比一击败BLG,0,哔哩哔哩英雄联盟赛事,50329118,1660745514,17:58,575,344604454,BV1kd4y1P797,False,0,0,0,0
42,107,171,42721,http://i1.hdslb.com/bfs/archive/7442ef0c3ac3250401abf9dc9273d567ab9d5495.jpg,,【LPL夏季赛TOP5】8月17日：电光涌动雷鸣长空 怒兽猛踏地裂山崩,1,【LPL夏季赛TOP5】8月17日：电光涌动雷鸣长空 怒兽猛踏地裂山崩,0,哔哩哔哩英雄联盟赛事,50329118,1660745398,03:14,97,984592630,BV1Ht4y137Ji,False,0,0,0,0
43,3209,171,687221,http://i0.hdslb.com/bfs/archive/f8ebefbd4b05eb3ba4867b02af9e5b59fb1c84bd.jpg,,【2022LPL夏季赛】季后赛 8月17日 LNG vs BLG,1,【2022LPL夏季赛】季后赛 8月17日 LNG vs BLG,0,哔哩哔哩英雄联盟赛事,50329118,1660731349,231:37,8685,942064704,BV1vW4y1h7ku,False,0,0,0,0
44,175,171,82884,http://i2.hdslb.com/bfs/archive/891dfa9a86e3b30b523ece939f7b804cb376cc33.jpg,,【LPL夏季赛TOP5】8月16日：寒影如龙表里杀 诛恶镇魂绝念斩,1,【LPL夏季赛TOP5】8月16日：寒影如龙表里杀 诛恶镇魂绝念斩,0,哔哩哔哩英雄联盟赛事,50329118,1660661787,04:24,106,772118360,BV1d14y147X2,False,0,0,0,0
45,217,171,93293,http://i2.hdslb.com/bfs/archive/8760fc1f827c046f488ce54b1040233baa417cc2.jpg,,【LPL赛事速看】季后赛D1:Care完美发挥 FPX三比二击败OMG,1,【LPL赛事速看】季后赛D1:Care完美发挥 FPX三比二击败OMG,0,哔哩哔哩英雄联盟赛事,50329118,1660661296,27:01,587,857004945,BV1uV4y1s7Fp,False,0,0,0,0
46,3130,171,727879,http://i1.hdslb.com/bfs/archive/08d5e93244598c52d5474452427a6f870943cb40.jpg,,【2022LPL夏季赛】季后赛 8月16日 OMG vs FPX,1,【2022LPL夏季赛】季后赛 8月16日 OMG vs FPX,0,哔哩哔哩英雄联盟赛事,50329118,1660644793,296:02,8806,602075477,BV1WB4y1L7cj,False,0,0,0,0
47,4977,171,1678764,http://i1.hdslb.com/bfs/archive/0db81916b5a1013829412ca60e0314faad6bb9c6.jpg,,【2022LPL夏季赛】8月14日 饭堂周末夜,1,【2022LPL夏季赛】8月14日 饭堂周末夜,0,哔哩哔哩英雄联盟赛事,50329118,1660495893,128:19,41504,472095421,BV1cT411P7RS,False,0,0,0,0
48,223,171,57673,http://i2.hdslb.com/bfs/archive/c1cfbedd3cccd01a2faf30683d6db6fbab2b138a.jpg,,【LPL夏季赛TOP5】8月14日：无双利刃破空刺 花火跃动耀苍穹,1,【LPL夏季赛TOP5】8月14日：无双利刃破空刺 花火跃动耀苍穹,0,哔哩哔哩英雄联盟赛事,50329118,1660490501,05:10,144,729572801,BV12S4y1p77b,False,0,0,0,0
49,239,171,79485,http://i2.hdslb.com/bfs/archive/0b5777f9170d24648edfca0553e8bc503cea82ac.jpg,,【LPL赛事速看】W10D7:UP二比零WE  LGD让一追二击败RNG,1,【LPL赛事速看】W10D7:UP二比零WE  LGD让一追二击败RNG,0,哔哩哔哩英雄联盟赛事,50329118,1660490009,27:58,692,729513873,BV1MS4y1x7xZ,False,0,0,0,0
50,10392,171,1113299,http://i1.hdslb.com/bfs/archive/fcf5d516d474be4eed21f211ab72fd90521f53ea.jpg,,【2022LPL夏季赛】8月14日 LGD vs RNG,1,【2022LPL夏季赛】8月14日 LGD vs RNG,0,哔哩哔哩英雄联盟赛事,50329118,1660480214,190:14,29020,942008507,BV17W4y1h7Jm,False,0,0,0,0
51,1358,171,220006,http://i1.hdslb.com/bfs/archive/b7dfc8c6204b399864c6b586786ba1fbe8dbb935.jpg,,【2022LPL夏季赛】8月14日 UP vs WE,1,【2022LPL夏季赛】8月14日 UP vs WE,0,哔哩哔哩英雄联盟赛事,50329118,1660471929,110:03,1841,644441129,BV1GY4y1c7X1,False,0,0,0,0
52,97,171,65559,http://i0.hdslb.com/bfs/archive/616069d069fb0666438d4dae01fd1b7b44b88953.jpg,,【LPL夏季赛TOP5】8月13日：寒影突刺缭乱杀 超限花火漫天舞,1,【LPL夏季赛TOP5】8月13日：寒影突刺缭乱杀 超限花火漫天舞,0,哔哩哔哩英雄联盟赛事,50329118,1660403623,05:08,96,856988041,BV1VV4y1s7Cg,False,0,0,0,0
53,169,171,83590,http://i1.hdslb.com/bfs/archive/741a58dcf2a002494ca7d9b3c6302d2ec46328b2.jpg,,【LPL赛事速看】W10D6: TT一比二不敌RA 无缘季后赛  TES二比零击败AL 圆满结束常规赛,1,【LPL赛事速看】W10D6: TT一比二不敌RA 无缘季后赛  TES二比零击败AL 圆满结束常规赛,0,哔哩哔哩英雄联盟赛事,50329118,1660400849,26:42,289,729416548,BV1DS4y1s7TB,False,0,0,0,0
54,2422,171,518185,http://i2.hdslb.com/bfs/archive/950e53bbbc83109e2183ef51a207f84984aee25e.jpg,,【2022LPL夏季赛】8月13日 AL vs TES,1,【2022LPL夏季赛】8月13日 AL vs TES,0,哔哩哔哩英雄联盟赛事,50329118,1660396013,120:03,4789,599451773,BV1aB4y167mp,False,0,0,0,0
55,728,171,146689,http://i1.hdslb.com/bfs/archive/203c1286ff1245f6be1a08f913c5dbb153aeff11.jpg,,【2022LPL夏季赛】8月13日 TT vs RA,1,【2022LPL夏季赛】8月13日 TT vs RA,0,哔哩哔哩英雄联盟赛事,50329118,1660385680,171:57,604,216978146,BV1Xa411P7kX,False,0,0,0,0
56,465,171,122873,http://i1.hdslb.com/bfs/archive/6193882706d09b0835f73c90fc30b88f3dd3e593.jpg,,【2022LPL夏季赛】8月12日 周末补习班,1,【2022LPL夏季赛】8月12日 周末补习班,0,哔哩哔哩英雄联盟赛事,50329118,1660319208,86:48,3432,259411128,BV1Ca411o79y,False,0,0,0,0
57,67,171,37511,http://i0.hdslb.com/bfs/archive/b437b2e9eef1758981068b0619047090ffbe77d9.jpg,,【LPL夏季赛TOP5】8月12日：狂斧嗜血驰沙场 垂云倒海一棍开,1,【LPL夏季赛TOP5】8月12日：狂斧嗜血驰沙场 垂云倒海一棍开,0,哔哩哔哩英雄联盟赛事,50329118,1660319058,04:45,34,514381674,BV1Vg411k7HJ,False,0,0,0,0
58,306,171,89724,http://i0.hdslb.com/bfs/archive/78269e932fd29f29902c89c17f319b0a0d72b71f.jpg,,【LPL赛事速看】W10D5: IG让一追二击败LGD LNG二比零战胜WBG挺进季后赛,1,【LPL赛事速看】W10D5: IG让一追二击败LGD LNG二比零战胜WBG挺进季后赛,0,哔哩哔哩英雄联盟赛事,50329118,1660314820,23:59,527,599490819,BV1dB4y167sM,False,0,0,0,0
59,4439,171,726666,http://i0.hdslb.com/bfs/archive/c0acac30c50bfe4ed35457638a708fa02f1fb6fe.jpg,,【2022LPL夏季赛】8月12日 WBG vs LNG,1,【2022LPL夏季赛】8月12日 WBG vs LNG,0,哔哩哔哩英雄联盟赛事,50329118,1660310471,128:08,10838,899492141,BV1mN4y1G7S5,False,0,0,0,0
60,255,171,130554,http://i2.hdslb.com/bfs/archive/fc4d8c9b124b8e9d47c5e6f2c151270e564ae16a.jpg,,【2022LPL夏季赛】8月12日 IG vs LGD,1,【2022LPL夏季赛】8月12日 IG vs LGD,0,哔哩哔哩英雄联盟赛事,50329118,1660300505,162:46,743,814428459,BV1sG4y1e75b,False,0,0,0,0
61,49,171,51208,http://i2.hdslb.com/bfs/archive/08808032331b9acc962d0e4fc4d98f5f520c3540.jpg,,【LPL夏季赛TOP5】8月11日：飞石浮空墙幔破阵起 电光漫天雷霆神威降,1,【LPL夏季赛TOP5】8月11日：飞石浮空墙幔破阵起  电光漫天雷霆神威降,0,哔哩哔哩英雄联盟赛事,50329118,1660227422,03:19,38,344468567,BV1cd4y1P74q,False,0,0,0,0
62,102,171,55349,http://i2.hdslb.com/bfs/archive/9c450f4e516ac866590d4847985ad596adf8de8c.jpg,,【LPL赛事速看】W10D4:FPX完美收官二比零击败WE TT二比零轻取UP,1,【LPL赛事速看】W10D4:FPX完美收官二比零击败WE  TT二比零轻取UP,0,哔哩哔哩英雄联盟赛事,50329118,1660226821,18:10,184,644438502,BV13Y4y1c7p2,False,0,0,0,0
63,754,171,144479,http://i0.hdslb.com/bfs/archive/68f3e538442c79895b14717f02a5bf9516492b7a.jpg,,【2022LPL夏季赛】8月11日 TT vs UP,1,【2022LPL夏季赛】8月11日 TT vs UP,0,哔哩哔哩英雄联盟赛事,50329118,1660221628,117:46,501,259398083,BV1Da411o7nq,False,0,0,0,0
64,850,171,266434,http://i2.hdslb.com/bfs/archive/4b09ef5f5d73a3f9bc56c6bf741c93d867c04746.jpg,,【2022LPL夏季赛】8月11日 WE vs FPX,1,【2022LPL夏季赛】8月11日 WE vs FPX,0,哔哩哔哩英雄联盟赛事,50329118,1660213123,124:57,2421,471948772,BV1NT411A7o2,False,0,0,0,0
65,71,171,57496,http://i1.hdslb.com/bfs/archive/d92a227d8c0d69f8fc68cf0d5017b442bb176f36.jpg,,【LPL夏季赛TOP5】8月10日：深海冲击铁钩至 妖狐灵舞夺魂魄,1,【LPL夏季赛TOP5】8月10日：深海冲击铁钩至  妖狐灵舞夺魂魄,0,哔哩哔哩英雄联盟赛事,50329118,1660143849,04:04,53,216863256,BV1ta411P7WD,False,0,0,0,0
66,122,171,77240,http://i2.hdslb.com/bfs/archive/6c6ab50494b58a67d66c77a8b9f61d227c96cf68.jpg,,【LPL赛事速看】W10D3: EDG二比零轻取AL 圆满结束常规赛 OMG让一追二战胜IG 成功晋级季后赛,1,【LPL赛事速看】W10D3: EDG二比零轻取AL  圆满结束常规赛 OMG让一追二战胜IG 成功晋级季后赛,0,哔哩哔哩英雄联盟赛事,50329118,1660141323,22:08,241,814350512,BV1FG4y1e7ff,False,0,0,0,0
67,789,171,213809,http://i0.hdslb.com/bfs/archive/c4901d417a9c05d365da4b514d25fb2839ae2b3b.jpg,,【2022LPL夏季赛】8月10日 IG vs OMG,1,【2022LPL夏季赛】8月10日 IG vs OMG,0,哔哩哔哩英雄联盟赛事,50329118,1660132842,154:26,2100,644308597,BV1GY4y1A7NP,False,0,0,0,0
68,1197,171,480398,http://i1.hdslb.com/bfs/archive/957f41aaa992fd7b8dd542d95dd2c9b2305615b3.jpg,,【2022LPL夏季赛】8月10日 EDG vs AL,1,【2022LPL夏季赛】8月10日 EDG vs AL,0,哔哩哔哩英雄联盟赛事,50329118,1660126331,120:41,5868,216856295,BV15a411P7Xz,False,0,0,0,0
69,232,171,73702,http://i1.hdslb.com/bfs/archive/e897006570688917c7e12e8c1d07784e8e38c25d.jpg,,【LPL夏季赛TOP5】8月9日：铁索留敌一击致命 圣光洗礼银弹破军,1,【LPL夏季赛TOP5】8月9日：铁索留敌一击致命 圣光洗礼银弹破军,0,哔哩哔哩英雄联盟赛事,50329118,1660057779,03:41,96,771795880,BV1Z14y1t75L,False,0,0,0,0
70,455,171,99055,http://i0.hdslb.com/bfs/archive/1d7dc353c73961bea5ed97e169935f814557449f.jpg,,【LPL赛事速看】W10D2:LGD让一追二击败RA V5二比零终结TES连胜,1,【LPL赛事速看】W10D2:LGD让一追二击败RA  V5二比零终结TES连胜,0,哔哩哔哩英雄联盟赛事,50329118,1660055753,24:23,454,259309309,BV1pa411o7JZ,False,0,0,0,0
71,9152,171,1229429,http://i2.hdslb.com/bfs/archive/f82a3e140296c01dbb8ae71d96296eae935b20e8.jpg,,【2022LPL夏季赛】8月9日 TES vs V5,1,【2022LPL夏季赛】8月9日 TES vs V5,0,哔哩哔哩英雄联盟赛事,50329118,1660049825,110:59,20894,344333063,BV1cd4y1K76Q,False,0,0,0,0
72,466,171,126872,http://i0.hdslb.com/bfs/archive/f9a320de56aa3113dae2d294857217c20096338c.jpg,,【2022LPL夏季赛】8月9日 LGD vs RA,1,【2022LPL夏季赛】8月9日 LGD vs RA,0,哔哩哔哩英雄联盟赛事,50329118,1660039931,172:12,805,471821153,BV1XT411L7Zp,False,0,0,0,0
73,71,171,62181,http://i2.hdslb.com/bfs/archive/75c3eb22d2ba65d91308c975edfe44fed48f6a40.jpg,,【LPL夏季赛TOP5】8月8日：巨兽飞掌震八方 残月轮转克敌归,1,【LPL夏季赛TOP5】8月8日：巨兽飞掌震八方 残月轮转克敌归,0,哔哩哔哩英雄联盟赛事,50329118,1659971999,04:24,80,386810074,BV1Vd4y1m7r2,False,0,0,0,0
74,114,171,86608,http://i1.hdslb.com/bfs/archive/0b60e3ba8d7fdb18b247cd789d11ac097313c308.jpg,,【LPL赛事速看】W10D1：RNG二比零轻取TT 拿下九连胜 BLG二比一战胜WE 跻身前十,1,【LPL赛事速看】W10D1：RNG二比零轻取TT 拿下九连胜 BLG二比一战胜WE 跻身前十,0,哔哩哔哩英雄联盟赛事,50329118,1659970569,24:39,380,216779810,BV1ha411K79x,False,0,0,0,0
75,1225,171,275087,http://i2.hdslb.com/bfs/archive/bb22fc7edc8d24d97b0d7cccbb55a0b2cda78e3e.jpg,,【2022LPL夏季赛】8月8日 BLG vs WE,1,【2022LPL夏季赛】8月8日 BLG vs WE,0,哔哩哔哩英雄联盟赛事,50329118,1659960902,162:08,2065,216842763,BV13a411P7vF,False,0,0,0,0
76,1974,171,725802,http://i0.hdslb.com/bfs/archive/5ba10937620121f70cc18bd5024b736899450a2f.jpg,,【2022LPL夏季赛】8月8日 TT vs RNG,1,【2022LPL夏季赛】8月8日 TT vs RNG,0,哔哩哔哩英雄联盟赛事,50329118,1659953201,123:51,8908,429326174,BV1pG41187tT,False,0,0,0,0
77,75,171,49775,http://i1.hdslb.com/bfs/archive/05946498f47062b4000b4f423e7d87f181da794c.jpg,,【LPL夏季赛TOP5】8月7日：腾云倒海破敌阵 炽烈冲锋锁胜局,1,【LPL夏季赛TOP5】8月7日：腾云倒海破敌阵 炽烈冲锋锁胜局,0,哔哩哔哩英雄联盟赛事,50329118,1659887787,04:14,49,814264216,BV1aG4y1Y78R,False,0,0,0,0
78,84,171,54654,http://i2.hdslb.com/bfs/archive/0a5473efe08e2cdc2950150a94a79730b726aa71.jpg,,【LPL赛事速看】W9D7：V5二比一战胜UP JDG二比零重回榜首,1,【LPL赛事速看】W9D7：V5二比一战胜UP  JDG二比零重回榜首,0,哔哩哔哩英雄联盟赛事,50329118,1659887003,27:02,211,814286583,BV16G4y1Y7nM,False,0,0,0,0
79,744,171,190069,http://i1.hdslb.com/bfs/archive/b37b4bcf0ba93dd03b1f06dc0f423eb70ebe3ef0.jpg,,【2022LPL夏季赛】8月7日 JDG vs AL,1,【2022LPL夏季赛】8月7日 JDG vs AL,0,哔哩哔哩英雄联盟赛事,50329118,1659879166,106:01,680,601860636,BV1QB4y1t7Z6,False,0,0,0,0
80,1159,171,314169,http://i1.hdslb.com/bfs/archive/b7789c79507fde758297d235f978081ef6dabc3d.jpg,,【2022LPL夏季赛】8月7日 UP vs V5,1,【2022LPL夏季赛】8月7日 UP vs V5,0,哔哩哔哩英雄联盟赛事,50329118,1659867613,166:58,2628,899133264,BV1JN4y1j73D,False,0,0,0,0
81,78,171,63272,http://i1.hdslb.com/bfs/archive/0bce032301679e6f6ea7a49214d98129e880a23f.jpg,,【LPL夏季赛TOP5】8月6日：魅影惑心妖术摄魂魄 铁索潜掠禁法勇破敌,1,【LPL夏季赛TOP5】8月6日：魅影惑心妖术摄魂魄 铁索潜掠禁法勇破敌,0,哔哩哔哩英雄联盟赛事,50329118,1659800838,04:50,136,729217643,BV1ES4y147XC,False,0,0,0,0
82,139,171,108849,http://i1.hdslb.com/bfs/archive/2ea54c806486c7265da2e919f7ea432c3206af2c.jpg,,【LPL赛事速看】W9D6:RNG鏖战三局击败IG WBG二比零FPX,1,【LPL赛事速看】W9D6:RNG鏖战三局击败IG  WBG二比零FPX,0,哔哩哔哩英雄联盟赛事,50329118,1659797728,27:57,594,386696399,BV1Ud4y127Aw,False,0,0,0,0
83,3098,171,769181,http://i2.hdslb.com/bfs/archive/92261289cac8c7969d63d92d548455b73caa8c6f.jpg,,【2022LPL夏季赛】8月6日 FPX vs WBG,1,【2022LPL夏季赛】8月6日 FPX vs WBG,0,哔哩哔哩英雄联盟赛事,50329118,1659791864,123:44,9836,301673804,BV1TF411P77e,False,0,0,0,0
84,2361,171,804160,http://i1.hdslb.com/bfs/archive/ad247d7c9ecde0ab21eabbc106ad5be2fbba0e3d.jpg,,【2022LPL夏季赛】8月6日 RNG vs IG,1,【2022LPL夏季赛】8月6日 RNG vs IG,0,哔哩哔哩英雄联盟赛事,50329118,1659781356,181:09,7752,301713532,BV1uF411P7ZJ,False,0,0,0,0
85,280,171,124144,http://i1.hdslb.com/bfs/archive/8b75e35932c4c222b771105ef77ea61c0986aedf.jpg,,【2022LPL夏季赛】8月5日 周末补习班,1,【2022LPL夏季赛】8月5日 周末补习班,0,哔哩哔哩英雄联盟赛事,50329118,1659762209,82:28,3033,984146464,BV1vt4y137dU,False,0,0,0,0
86,100,171,65546,http://i1.hdslb.com/bfs/archive/ffd76a064dc94a078c1c5e786812ee5f16e9eb4a.jpg,,【LPL夏季赛TOP5】8月5日：踏风疾行飞刃扫千军 驭沙回旋长戟逆乾坤,1,【LPL夏季赛TOP5】8月5日：踏风疾行飞刃扫千军 驭沙回旋长戟逆乾坤,0,哔哩哔哩英雄联盟赛事,50329118,1659710208,03:51,96,601638434,BV1eB4y147mk,False,0,0,0,0
87,97,171,69271,http://i2.hdslb.com/bfs/archive/bcbcd9c0b37d679f6eebe0d1197c7ec58a9969ef.jpg,,【LPL赛事速看】W9D5:TES二比零LGD  BLG找回状态二比零击败OMG,1,【LPL赛事速看】W9D5:TES二比零LGD  BLG找回状态二比零击败OMG,0,哔哩哔哩英雄联盟赛事,50329118,1659710064,16:50,308,386650075,BV1Pd4y1S7uz,False,0,0,0,0
88,1053,171,253634,http://i2.hdslb.com/bfs/archive/e3312213d61c2f2ffaa29e6ff45e6c8850f341d6.jpg,,【2022LPL夏季赛】8月5日 BLG VS OMG,1,【2022LPL夏季赛】8月5日 BLG VS OMG,0,哔哩哔哩英雄联盟赛事,50329118,1659701654,112:02,2439,514132325,BV1mg411C7Vq,False,0,0,0,0
89,1203,171,494335,http://i2.hdslb.com/bfs/archive/0ca610fecd46bf0fa3fa63a9c680c68025375eca.jpg,,【2022LPL夏季赛】8月5日 LGD vs TES,1,【2022LPL夏季赛】8月5日 LGD vs TES,0,哔哩哔哩英雄联盟赛事,50329118,1659694206,115:52,4899,729142149,BV1oS4y1x7qQ,False,0,0,0,0
90,130,171,60524,http://i2.hdslb.com/bfs/archive/8013bcdc78d94ca9fcf4e26e7e9d7eeaa944e1e5.jpg,,【LPL夏季赛TOP5】8月4日：魔影迷踪扰敌阵 封尘错玉斩无痕,1,【LPL夏季赛TOP5】8月4日：魔影迷踪扰敌阵 封尘错玉斩无痕,0,哔哩哔哩英雄联盟赛事,50329118,1659630712,03:58,99,556707307,BV1de4y1D7eK,False,0,0,0,0
91,271,171,84879,http://i0.hdslb.com/bfs/archive/2a54fab1343e0ec5c37df4160cac54d344d49bb4.jpg,,【LPL赛事速看】W9D4: EDG二比零击败WE 收获三连胜  RA二比一战胜LNG 结束连败,1,【LPL赛事速看】W9D4: EDG二比零击败WE 收获三连胜  RA二比一战胜LNG 结束连败,0,哔哩哔哩英雄联盟赛事,50329118,1659627338,26:57,674,344210323,BV1Wd4y1N7Kr,False,0,0,0,0
92,2726,171,435795,http://i1.hdslb.com/bfs/archive/e8418de611009ce938f4dbb46d20f024fc82738d.jpg,,【2022LPL夏季赛】8月4日 RA vs LNG,1,【2022LPL夏季赛】8月4日 RA vs LNG,0,哔哩哔哩英雄联盟赛事,50329118,1659615908,161:38,4938,216721043,BV15a411K7YS,False,0,0,0,0
93,1238,171,450152,http://i0.hdslb.com/bfs/archive/c0b209ea01c39c5396afb2c4c0e68abd2574f1c4.jpg,,【2022LPL夏季赛】8月4日 WE vs EDG,1,【2022LPL夏季赛】8月4日 WE vs EDG,0,哔哩哔哩英雄联盟赛事,50329118,1659607901,121:44,6516,471713509,BV1nT411L78n,False,0,0,0,0
94,133,171,64427,http://i2.hdslb.com/bfs/archive/f409d3f1320102cdf879e1f660ea4832ca397289.jpg,,【LPL夏季赛TOP5】8月3日：腾云驾雾风哮龙吟 快刀剪乱银针破军,1,【LPL夏季赛TOP5】8月3日：腾云驾雾风哮龙吟  快刀剪乱银针破军,0,哔哩哔哩英雄联盟赛事,50329118,1659540014,04:17,127,601748456,BV1uB4y1t7FT,False,0,0,0,0
95,191,171,70572,http://i0.hdslb.com/bfs/archive/f96eb49a85047aca0b62e5da6cc88b87edaada4f.jpg,,【LPL赛事速看】W9D3:TT二比一LGD JDG二比零轻取WBG,1,【LPL赛事速看】W9D3:TT二比一LGD  JDG二比零轻取WBG,0,哔哩哔哩英雄联盟赛事,50329118,1659539016,27:06,439,771533447,BV1Nr4y157Bd,False,0,0,0,0
96,4411,171,609305,http://i1.hdslb.com/bfs/archive/08a177a79bab4754e37ecee09870539a192c5a75.jpg,,【2022LPL夏季赛】8月3日 WBG vs JDG,1,【2022LPL夏季赛】8月3日 WBG vs JDG,0,哔哩哔哩英雄联盟赛事,50329118,1659532417,121:43,9295,814058268,BV1gG4y1v7SL,False,0,0,0,0
97,207,171,112694,http://i2.hdslb.com/bfs/archive/f6f03f92c77cfc8ab081add3427c7174da9c6704.jpg,,【2022LPL夏季赛】8月3日 LGD vs TT,1,【2022LPL夏季赛】8月3日 LGD vs TT,0,哔哩哔哩英雄联盟赛事,50329118,1659521658,180:44,399,686595763,BV1qU4y1Y7Sr,False,0,0,0,0
98,68,171,122803,http://i0.hdslb.com/bfs/archive/9d77fc09213e4d6b0fafb3cf55d4c57a27bfec29.jpg,,【LPL夏季赛TOP5】8月2日：圣光银弹决生死 强掳链锁无人还,1,【LPL夏季赛TOP5】8月2日：圣光银弹决生死 强掳链锁无人还,0,哔哩哔哩英雄联盟赛事,50329118,1659453778,04:11,19,259075456,BV1Qa411Z7Ca,False,0,0,0,0
99,305,171,117969,http://i1.hdslb.com/bfs/archive/99d205f779880ac8745140f0d4fd7d5d48174053.jpg,,【LPL赛事速看】W9D2: IG二比一战胜RA 收获三连胜 V5二比零轻取BLG 终结二连败,1,【LPL赛事速看】W9D2: IG二比一战胜RA 收获三连胜 V5二比零轻取BLG 终结二连败,0,哔哩哔哩英雄联盟赛事,50329118,1659450133,24:06,329,429049551,BV16G411h7Vd,False,0,0,0,0
100,2383,171,528900,http://i0.hdslb.com/bfs/archive/ca100a1a24b775d61ff612bb19fdcf0eb814acd5.jpg,,【2022LPL夏季赛】8月2日 BLG vs V5,1,【2022LPL夏季赛】8月2日 BLG vs V5,0,哔哩哔哩英雄联盟赛事,50329118,1659446975,115:51,5569,814004904,BV19G4y1e79J,False,0,0,0,0
101,265,171,124161,http://i2.hdslb.com/bfs/archive/f86afb1d74079233cbbe685aceb9fa6753b8b7a0.jpg,,【2022LPL夏季赛】8月2日 RA vs IG,1,【2022LPL夏季赛】8月2日 RA vs IG,0,哔哩哔哩英雄联盟赛事,50329118,1659434656,161:54,669,386522139,BV1sd4y1U75b,False,0,0,0,0
102,97,171,68071,http://i0.hdslb.com/bfs/archive/24ad21a079bf2a364edfb4f98c09c42fe21e29d2.jpg,,【LPL夏季赛TOP5】8月1日：大闹天宫翻江海 飞星乱坠美梦沉,1,【LPL夏季赛TOP5】8月1日：大闹天宫翻江海 飞星乱坠美梦沉,0,哔哩哔哩英雄联盟赛事,50329118,1659365726,04:22,135,941540242,BV1wW4y117tX,False,0,0,0,0
103,153,171,98070,http://i1.hdslb.com/bfs/archive/aeb24e5bd756b3fe6046fb51972b906567f78470.jpg,,【LPL赛事速看】W9D1: RNG二比零碾压战胜AL 豪取七连胜 FPX二比零击败UP 跻身前十,1,【LPL赛事速看】W9D1: RNG二比零碾压战胜AL 豪取七连胜 FPX二比零击败UP 跻身前十,0,哔哩哔哩英雄联盟赛事,50329118,1659362223,19:49,310,344082742,BV1Ld4y1T7Ho,False,0,0,0,0
104,795,171,229628,http://i1.hdslb.com/bfs/archive/00597273a8f77637062de80680b231b4da88f3fc.jpg,,【2022LPL夏季赛】8月1日 UP vs FPX,1,【2022LPL夏季赛】8月1日 UP vs FPX,0,哔哩哔哩英雄联盟赛事,50329118,1659356406,117:48,2234,856599147,BV1QV4y1j74n,False,0,0,0,0
105,2294,171,959297,http://i1.hdslb.com/bfs/archive/b363323ee040a4101f310fe05e30f93bf08d4993.jpg,,【2022LPL夏季赛】8月1日 AL vs RNG,1,【2022LPL夏季赛】8月1日 AL vs RNG,0,哔哩哔哩英雄联盟赛事,50329118,1659349760,123:21,9445,429072006,BV1dG411h7to,False,0,0,0,0
106,177,171,62526,http://i1.hdslb.com/bfs/archive/3053c694fa5f8431745849010856f25f56865572.jpg,,【LPL夏季赛TOP5】7月31日：青矛飒踏如流星 裁决圣锤定风波,1,【LPL夏季赛TOP5】7月31日：青矛飒踏如流星 裁决圣锤定风波,0,哔哩哔哩英雄联盟赛事,50329118,1659279642,04:09,68,601548402,BV1mB4y1b7DT,False,0,0,0,0
107,241,171,106336,http://i1.hdslb.com/bfs/archive/42c66f77e5daae46eaf4b7d0c02511329d695c95.jpg,,【LPL赛事速看】W8D7: OMG二比一击败V5 收获二连胜 LNG二比零战胜WE 结束连败,1,【LPL赛事速看】W8D7: OMG二比一击败V5 收获二连胜 LNG二比零战胜WE 结束连败,0,哔哩哔哩英雄联盟赛事,50329118,1659276623,24:02,583,729070939,BV1CS4y1x7W4,False,0,0,0,0
108,958,171,269289,http://i2.hdslb.com/bfs/archive/37980a1be96a93164f18868132fc9f3c89a2b2d2.jpg,,【2022LPL夏季赛】7月31日 WE vs LNG,1,【2022LPL夏季赛】7月31日 WE vs LNG,0,哔哩哔哩英雄联盟赛事,50329118,1659269939,109:32,1825,216509002,BV1Fa411M7Ye,False,0,0,0,0
109,4258,171,598720,http://i1.hdslb.com/bfs/archive/cbfee450cc089b91f7a65d450be162c20fbf98de.jpg,,【2022LPL夏季赛】7月31日 V5 vs OMG,1,【2022LPL夏季赛】7月31日 V5 vs OMG,0,哔哩哔哩英雄联盟赛事,50329118,1659261560,145:00,7769,814123755,BV1hG4y1v73g,False,0,0,0,0
110,205,171,93656,http://i1.hdslb.com/bfs/archive/37c422fc162e13d5b85bac34daf86367b328613d.jpg,,【LPL夏季赛TOP5】7月30日：幽影穿刺裂残魂 振风踏地破死局,1,【LPL夏季赛TOP5】7月30日：幽影穿刺裂残魂  振风踏地破死局,0,哔哩哔哩英雄联盟赛事,50329118,1659191193,04:17,164,513927121,BV1Lg41117Q4,False,0,0,0,0
111,253,171,128958,http://i0.hdslb.com/bfs/archive/32043dd1727fca368f61dbe28837fdd6d76a018a.jpg,,【LPL赛事速看】W8D6: EDG二比零RA RNG让一追二翻盘击败JDG,1,【LPL赛事速看】W8D6: EDG二比零RA  RNG让一追二翻盘击败JDG,0,哔哩哔哩英雄联盟赛事,50329118,1659190883,25:04,974,686469981,BV1kU4y1v7us,False,0,0,0,0
112,6482,171,1492962,http://i1.hdslb.com/bfs/archive/de8532964c9fa76a06a4a457aa42fabcd4c0d16c.jpg,,【2022LPL夏季赛】7月30日 RNG vs JDG,1,【2022LPL夏季赛】7月30日 RNG vs JDG,0,哔哩哔哩英雄联盟赛事,50329118,1659182309,159:50,21160,898918177,BV1PN4y1L72S,False,0,0,0,0
113,1119,171,415636,http://i1.hdslb.com/bfs/archive/1f81f90e770f0093c46973b3ab25ce51cfc2c6e1.jpg,,【2022LPL夏季赛】7月30日 RA vs EDG,1,【2022LPL夏季赛】7月30日 RA vs EDG,0,哔哩哔哩英雄联盟赛事,50329118,1659175027,104:30,6322,771461615,BV1xr4y1j7Jw,False,0,0,0,0
114,524,171,156311,http://i2.hdslb.com/bfs/archive/015cc74414f9dd5d00d5f8e235c0681b16cef347.jpg,,【2022LPL夏季赛】7月29日 周末补习班,1,【2022LPL夏季赛】7月29日 周末补习班,0,哔哩哔哩英雄联盟赛事,50329118,1659103919,71:03,3968,771386983,BV1Dr4y1L7zP,False,0,0,0,0
115,81,171,57667,http://i1.hdslb.com/bfs/archive/6517fc90dbe9e041b28defaf8ad1f0098b3ebb02.jpg,,【LPL夏季赛TOP5】7月29日：飞刃回旋扶大厦将倾 枪炮交响谱凯旋之歌,1,【LPL夏季赛TOP5】7月29日：飞刃回旋扶大厦将倾  枪炮交响谱凯旋之歌,0,哔哩哔哩英雄联盟赛事,50329118,1659103110,03:17,106,941452096,BV1eW4y1y7KJ,False,0,0,0,0
116,80,171,94701,http://i1.hdslb.com/bfs/archive/9b4563b7ae892f7861ff1c7eafa10c6414f88183.jpg,,【LPL赛事速看】W8D5:TES十二连胜二比零击败TT WBG二比零轻取LGD,1,【LPL赛事速看】W8D5:TES十二连胜二比零击败TT  WBG二比零轻取LGD,0,哔哩哔哩英雄联盟赛事,50329118,1659100971,21:27,476,513968390,BV1Bg41117p2,False,0,0,0,0
117,1260,171,612636,http://i0.hdslb.com/bfs/archive/bb3d9e0785eb6c100cf908f1c9c0fffe160d0841.jpg,,【2022LPL夏季赛】7月29日 LGD vs WBG,1,【2022LPL夏季赛】7月29日 LGD vs WBG,0,哔哩哔哩英雄联盟赛事,50329118,1659095507,102:53,6923,428894377,BV1QG41187ab,False,0,0,0,0
118,2245,171,534449,http://i1.hdslb.com/bfs/archive/14fe766c60e02e9b5944439b9b967d89d544e206.jpg,,【2022LPL夏季赛】7月29日 TES vs TT,1,【2022LPL夏季赛】7月29日 TES vs TT,0,哔哩哔哩英雄联盟赛事,50329118,1659088554,114:53,7583,216485499,BV1ka411T7Gb,False,0,0,0,0
119,79,171,60897,http://i0.hdslb.com/bfs/archive/56d142a6c9a40924ca9bc07532768ec386f8b95a.jpg,,【LPL夏季赛TOP5】7月28日：折返跃迁飞星坠 天霸横空一拳开,1,【LPL夏季赛TOP5】7月28日：折返跃迁飞星坠 天霸横空一拳开,0,哔哩哔哩英雄联盟赛事,50329118,1659018538,02:59,74,813946047,BV1MG4y1q7Kr,False,0,0,0,0
120,123,171,73234,http://i0.hdslb.com/bfs/archive/0ae0f6e08bcd43c679f3aaf5e8bf38251b5a7202.jpg,,【LPL赛事速看】W8D4: IG二比一击败UP 收获两连胜 BLG二比零战胜FPX 终止连败,1,【LPL赛事速看】W8D4: IG二比一击败UP 收获两连胜 BLG二比零战胜FPX 终止连败,0,哔哩哔哩英雄联盟赛事,50329118,1659016938,21:17,317,471476592,BV1fT411j7Te,False,0,0,0,0
121,1696,171,386102,http://i1.hdslb.com/bfs/archive/1a6f275c00200acba353d41603ac3bc4de1bb118.jpg,,【2022LPL夏季赛】7月28日 BLG vs FPX,1,【2022LPL夏季赛】7月28日 BLG vs FPX,0,哔哩哔哩英雄联盟赛事,50329118,1659013696,102:18,4271,556383936,BV1Ze4y1Q77e,False,0,0,0,0
122,512,171,123153,http://i0.hdslb.com/bfs/archive/7fa931e1503e56c293652ead0d26da28060faccf.jpg,,【2022LPL夏季赛】7月28日 UP vs IG,1,【2022LPL夏季赛】7月28日 UP vs IG,0,哔哩哔哩英雄联盟赛事,50329118,1659005024,166:30,977,813989833,BV1zG4y1e7cZ,False,0,0,0,0
123,103,171,57675,http://i0.hdslb.com/bfs/archive/9cb1747d7a7311f33d4ec0ca7f7e02ed5791c0bc.jpg,,【LPL夏季赛TOP5】7月27日：铁腕毒雾惑人心 强掳无畏定胜局,1,【LPL夏季赛TOP5】7月27日：铁腕毒雾惑人心 强掳无畏定胜局,0,哔哩哔哩英雄联盟赛事,50329118,1658934831,03:58,73,386454801,BV1Nd4y1U744,False,0,0,0,0
124,166,171,72971,http://i0.hdslb.com/bfs/archive/5c5c5253dd47ecfb86802340a5d988f9ae51ab6f.jpg,,【LPL赛事速看】W8D3：LGD二比一击败WE结束连败 OMG二比零拿下胜利跻身前十,1,【LPL赛事速看】W8D3：LGD二比一击败WE结束连败 OMG二比零拿下胜利跻身前十,0,哔哩哔哩英雄联盟赛事,50329118,1658932441,23:41,252,856447023,BV1RV4y1L7h1,False,0,0,0,0
125,687,171,211676,http://i1.hdslb.com/bfs/archive/c0d72cdafe6d59199fe8d507b79801a3608426d0.jpg,,【2022LPL夏季赛】7月27日 OMG vs AL,1,【2022LPL夏季赛】7月27日 OMG vs AL,0,哔哩哔哩英雄联盟赛事,50329118,1658926336,98:23,1689,601264039,BV1gB4y1h7zs,False,0,0,0,0
126,1854,171,335422,http://i0.hdslb.com/bfs/archive/cd506c0668d08686ba7ac4730dfb7bd2a9648447.jpg,,【2022LPL夏季赛】7月27日 LGD vs WE,1,【2022LPL夏季赛】7月27日 LGD vs WE,0,哔哩哔哩英雄联盟赛事,50329118,1658916605,166:04,3037,898837684,BV18N4y177MX,False,0,0,0,0
127,155,171,70887,http://i2.hdslb.com/bfs/archive/45fc080b6cb024d3ce71475655561ad8761d7c86.jpg,,【LPL夏季赛TOP5】7月26日：暗影穿刺锁魂夺魄 黄沙漫天禁卫破局,1,【LPL夏季赛TOP5】7月26日：暗影穿刺锁魂夺魄 黄沙漫天禁卫破局,0,哔哩哔哩英雄联盟赛事,50329118,1658848382,04:31,79,513786843,BV1Fg411f7wP,False,0,0,0,0
128,264,171,123666,http://i2.hdslb.com/bfs/archive/dd090978a6aab4b3ef65d496653053b02ae05f33.jpg,,【LPL赛事速看】W8D2:EDG二比零LNG  JDG二比零翻盘击败V5,1,【LPL赛事速看】W8D2:EDG二比零LNG  JDG二比零翻盘击败V5,0,哔哩哔哩英雄联盟赛事,50329118,1658842332,23:10,921,898811047,BV1GN4y177kC,False,0,0,0,0
129,3805,171,628239,http://i0.hdslb.com/bfs/archive/10df13833d6002f9b45ff6724c1e25b49f2656f5.jpg,,,1,【2022LPL夏季赛】7月26日 JDG vs V5,0,哔哩哔哩英雄联盟赛事,50329118,1658837222,107:23,6871,856351447,BV1MV4y1E7PP,False,0,0,0,0
130,1610,171,637783,http://i1.hdslb.com/bfs/archive/a1a6ae4506aa0986dd92cc2988fb75a6a389cf13.jpg,,,1,【2022LPL夏季赛】7月26日 LNG vs EDG,0,哔哩哔哩英雄联盟赛事,50329118,1658830297,131:37,12086,771341396,BV12r4y1L7Si,False,0,0,0,0
131,193,171,72111,http://i0.hdslb.com/bfs/archive/0a8acc3759b51fe3498f283084a01088d54310fe.jpg,,【LPL夏季赛TO5】7月25日：千针簇射穿百孔 绷带缠绕追命夺,1,【LPL夏季赛TO5】7月25日：千针簇射穿百孔  绷带缠绕追命夺,0,哔哩哔哩英雄联盟赛事,50329118,1658763601,04:56,89,258787096,BV1ga411U7fk,False,0,0,0,0
132,208,171,81015,http://i1.hdslb.com/bfs/archive/261f50e3c2fc453f7254c6e61f2a70646f3231f0.jpg,,【LPL赛事速看W8D1: RNG二比零轻取RA 斩获五连胜 FPX一比二不敌TT,1,【LPL赛事速看W8D1: RNG二比零轻取RA 斩获五连胜 FPX一比二不敌TT,0,哔哩哔哩英雄联盟赛事,50329118,1658762992,25:49,441,856330583,BV13V4y1E76C,False,0,0,0,0
133,1564,171,309211,http://i0.hdslb.com/bfs/archive/80b51246d5498dca6dd863788087428436d6ccfd.jpg,,【2022LPL夏季赛】7月25日 FPX vs TT,1,【2022LPL夏季赛】7月25日 FPX vs TT,0,哔哩哔哩英雄联盟赛事,50329118,1658751959,165:15,2601,598777098,BV1qB4y1k7TJ,False,0,0,0,0
134,2305,171,769403,http://i1.hdslb.com/bfs/archive/dcfec6ae8e693c8da60e168f9b690ca1b9502320.jpg,,【2022LPL夏季赛】7月25日 RA vs RNG,1,【2022LPL夏季赛】7月25日 RA vs RNG,0,哔哩哔哩英雄联盟赛事,50329118,1658745255,138:56,8064,643779378,BV1qY4y1j7h2,False,0,0,0,0
135,4028,171,1595222,http://i0.hdslb.com/bfs/archive/f1b6f2a2a6fe064ce8a28d2b2123f6c0438b282c.jpg,,【2022LPL夏季赛】7月24日 饭堂周末夜,1,【2022LPL夏季赛】7月24日 饭堂周末夜,0,哔哩哔哩英雄联盟赛事,50329118,1658674498,98:09,47106,301301886,BV1dF411P7Wo,False,0,0,0,0
136,223,171,72392,http://i1.hdslb.com/bfs/archive/b1b0ea754d5e89ca628dae9690f668b940202384.jpg,,【LPL夏季赛TOP5】7月24日： 怒兽一跃踏天地 银针穿刺破空啸,1,【LPL夏季赛TOP5】7月24日： 怒兽一跃踏天地 银针穿刺破空啸,0,哔哩哔哩英雄联盟赛事,50329118,1658672614,03:55,101,428846312,BV1kG411H72R,False,0,0,0,0
137,162,171,98113,http://i2.hdslb.com/bfs/archive/949a36cbcc4d353cfba27ab444479eda3392627a.jpg,,【LPL赛事速看】W7D7:TES豪取十一连胜二比零击败UP WBG二比零轻取OMG,1,【LPL赛事速看】W7D7:TES豪取十一连胜二比零击败UP  WBG二比零轻取OMG,0,哔哩哔哩英雄联盟赛事,50329118,1658669580,16:54,339,601364438,BV1cB4y1b7UX,False,0,0,0,0
138,2260,171,811872,http://i2.hdslb.com/bfs/archive/88d2df1d8a2d984a3688f2452a16b1b20bec5d2b.jpg,,【2022LPL夏季赛】7月24日 OMG vs WBG,1,【2022LPL夏季赛】7月24日 OMG vs WBG,0,哔哩哔哩英雄联盟赛事,50329118,1658663791,110:16,15832,686373333,BV13U4y1v7ME,False,0,0,0,0
139,1296,171,418801,http://i1.hdslb.com/bfs/archive/8ad67b33f0c5967f91bb062c8edcc7b903f430cc.jpg,,【2022LPL夏季赛】7月24日 TES vs UP,1,【2022LPL夏季赛】7月24日 TES vs UP,0,哔哩哔哩英雄联盟赛事,50329118,1658656673,110:16,4716,343872077,BV1U94y1D7zp,False,0,0,0,0
140,175,171,96305,http://i0.hdslb.com/bfs/archive/ef6ca2caae4afeb7ad2fcdc4ce12195997f1f573.jpg,,【LPL夏季赛TOP5】7月23日：豪拳之威睥睨八方 月轮飞舞扭转乾坤,1,【LPL夏季赛TOP5】7月23日：豪拳之威睥睨八方 月轮飞舞扭转乾坤,0,哔哩哔哩英雄联盟赛事,50329118,1658595128,03:47,95,428701937,BV1UG411n7CC,False,0,0,0,0
141,408,171,152411,http://i1.hdslb.com/bfs/archive/d55b210e1b3d6f54dc319a47963c53e3448b0bfd.jpg,,【LPL赛事速看】W7D6:WE一比二不敌IG JDG二比一BLG RNG鏖战三局翻盘击败EDG,1,【LPL赛事速看】W7D6:WE一比二不敌IG  JDG二比一BLG  RNG鏖战三局翻盘击败EDG,0,哔哩哔哩英雄联盟赛事,50329118,1658590353,45:00,838,941220497,BV1NW4y127jh,False,0,0,0,0
142,11503,171,1994103,http://i0.hdslb.com/bfs/archive/f4e0702b453bb4c97186e0800325feaf657eb13b.jpg,,【2022LPL夏季赛】7月23日 RNG vs EDG,1,【2022LPL夏季赛】7月23日 RNG vs EDG,0,哔哩哔哩英雄联盟赛事,50329118,1658582640,172:42,32478,983676918,BV1Ct4y157P8,False,0,0,0,0
143,684,171,184598,http://i0.hdslb.com/bfs/archive/32588599ecb960eb1d17bc1e10180159baa7b78e.jpg,,【2022LPL夏季赛】7月23日 JDG vs BLG,1,【2022LPL夏季赛】7月23日 JDG vs BLG,0,哔哩哔哩英雄联盟赛事,50329118,1658573630,143:47,1108,856238178,BV1kV4y177F8,False,0,0,0,0
144,807,171,197139,http://i0.hdslb.com/bfs/archive/a520acf4ab6625d0a4ef6b9c93676c86123b3279.jpg,,【2022LPL夏季赛】7月23日 WE vs IG,1,【2022LPL夏季赛】7月23日 WE vs IG,0,哔哩哔哩英雄联盟赛事,50329118,1658564467,159:34,1341,686247120,BV1AU4y1q7Tx,False,0,0,0,0
145,119,171,68870,http://i0.hdslb.com/bfs/archive/3d535d1d0fbdb0728db7659f5e6be5e3b3779f2c.jpg,,【LPL夏季赛TOP5】7月22日：电弧跃动万雷引 嗜血突刺恶魔临,1,【LPL夏季赛TOP5】7月22日：电弧跃动万雷引 嗜血突刺恶魔临,0,哔哩哔哩英雄联盟赛事,50329118,1658505749,03:41,116,856202581,BV18V4y177md,False,0,0,0,0
146,109,171,82217,http://i0.hdslb.com/bfs/archive/b214a3f38c8562866ab9534fdf6dcd185558c3da.jpg,,【LPL赛事速看】W7D5:WBG鏖战三局再取一胜 V5二比零重回榜首,1,【LPL赛事速看】W7D5:WBG鏖战三局再取一胜  V5二比零重回榜首,0,哔哩哔哩英雄联盟赛事,50329118,1658504667,30:43,638,513700139,BV1Yg411Z7pn,False,0,0,0,0
147,188,171,96522,http://i2.hdslb.com/bfs/archive/02b1582173f9b0dc6fd1febc4748a3c7110f5d8f.jpg,,【2022LPL夏季赛】7月22日 周末补习班,1,【2022LPL夏季赛】7月22日 周末补习班,0,哔哩哔哩英雄联盟赛事,50329118,1658503936,59:45,1546,513718450,BV1mg411Z7Ly,False,0,0,0,0
148,1675,171,562650,http://i1.hdslb.com/bfs/archive/d371fc67852f490745e3ad1cb120ef92a43c53fe.jpg,,【2022LPL夏季赛】7月22日 V5 vs LNG,1,【2022LPL夏季赛】7月22日 V5 vs LNG,0,哔哩哔哩英雄联盟赛事,50329118,1658495431,113:40,6741,598703938,BV1cB4y1e7wk,False,0,0,0,0
149,2360,171,543408,http://i2.hdslb.com/bfs/archive/aec4afab3efd508d3fa7861712aa1511975c0eab.jpg,,【2022LPL夏季赛】7月22日 WBG vs TT,1,【2022LPL夏季赛】7月22日 WBG vs TT,0,哔哩哔哩英雄联盟赛事,50329118,1658484626,153:57,7973,513686514,BV1qg411Z7CR,False,0,0,0,0
150,54,171,57991,http://i2.hdslb.com/bfs/archive/cfb0b7526ff47d3895ed80b3ebb5499a729faaed.jpg,,【LPL夏季赛TOP5】7月21日： 魔典终章飞身定 灵魄突袭百媚生,1,【LPL夏季赛TOP5】7月21日： 魔典终章飞身定  灵魄突袭百媚生,0,哔哩哔哩英雄联盟赛事,50329118,1658413730,03:59,1,556194757,BV1he4y1972q,False,0,0,0,0
151,120,171,66306,http://i0.hdslb.com/bfs/archive/cd6fd284961d8a4e2c24bec13bd86134eff9469f.jpg,,【LPL赛事速看】W7D4: AL一比二不敌FPX 结束连胜 EDG二比零碾压战胜LGD,1,【LPL赛事速看】W7D4: AL一比二不敌FPX 结束连胜 EDG二比零碾压战胜LGD,0,哔哩哔哩英雄联盟赛事,50329118,1658412290,21:33,283,598681427,BV1NB4y1e77v,False,0,0,0,0
152,878,171,332908,http://i2.hdslb.com/bfs/archive/ad0f76d060b6c248c30687cb24db64f48f68f40a.jpg,,【2022LPL夏季赛】7月21日 EDG vs LGD,1,【2022LPL夏季赛】7月21日 EDG vs LGD,0,哔哩哔哩英雄联盟赛事,50329118,1658407105,104:47,5173,386228462,BV1qd4y1S7hx,False,0,0,0,0
153,679,171,208913,http://i1.hdslb.com/bfs/archive/d9e65c1bf203209fdbe4967f2bbd2e0fae91e5e9.jpg,,【2022LPL夏季赛】7月21日 FPX vs AL,1,【2022LPL夏季赛】7月21日 FPX vs AL,0,哔哩哔哩英雄联盟赛事,50329118,1658397574,143:42,2228,728715058,BV1HS4y1E7GV,False,0,0,0,0
154,69,171,70167,http://i2.hdslb.com/bfs/archive/bc64e9c2369d6589831771eb649f3b971ab1e1e5.jpg,,【LPL夏季赛TOP5】7月20日：坚定风采切断路 枪炮交响追魂破,1,【LPL夏季赛TOP5】7月20日：坚定风采切断路  枪炮交响追魂破,0,哔哩哔哩英雄联盟赛事,50329118,1658324982,04:10,89,643636963,BV1AY4y1j7G9,False,0,0,0,0
155,155,171,99764,http://i1.hdslb.com/bfs/archive/59bd9e5d00e30adf630eb74456fff5d997e4c787.jpg,,【LPL赛事速看】W7D3:TES二比零击败RA 晋级季后赛 RNG二比零战胜BLG 收获三连胜,1,【LPL赛事速看】W7D3:TES二比零击败RA 晋级季后赛 RNG二比零战胜BLG 收获三连胜,0,哔哩哔哩英雄联盟赛事,50329118,1658324164,20:12,486,513707063,BV1Cg411Z7nb,False,0,0,0,0
156,2772,171,1039413,http://i1.hdslb.com/bfs/archive/4edd13775db49c9037701b2fddfecfde76febbd0.jpg,,【2022LPL夏季赛】7月20日 BLG vs RNG,1,【2022LPL夏季赛】7月20日 BLG vs RNG,0,哔哩哔哩英雄联盟赛事,50329118,1658318845,102:38,10001,983703100,BV1St4y157yk,False,0,0,0,0
157,1830,171,472863,http://i2.hdslb.com/bfs/archive/3a0869a62b13da262d1cff7e3db086bd686177d6.jpg,,【2022LPL夏季赛】7月20日 TES vs RA,1,【2022LPL夏季赛】7月20日 TES vs RA,0,哔哩哔哩英雄联盟赛事,50329118,1658312391,98:54,5329,301223213,BV1JF411P78s,False,0,0,0,0
158,58,171,50774,http://i1.hdslb.com/bfs/archive/07a6458cd073020d8a2b95356b30c751788ce1a1.jpg,,【LPL夏季赛TOP5】7月19日：飞花夜澜人长眠 潜掠强掳破敌归,1,【LPL夏季赛TOP5】7月19日：飞花夜澜人长眠 潜掠强掳破敌归,0,哔哩哔哩英雄联盟赛事,50329118,1658242261,04:02,62,386076191,BV16d4y1Q7Tv,False,0,0,0,0
159,106,171,52688,http://i1.hdslb.com/bfs/archive/16aeeb087a25509bcde718f4c5d735c585bf4366.jpg,,【LPL赛事速看】W7D2:TT二比一战胜OMG LNG二比零轻取UP,1,【LPL赛事速看】W7D2:TT二比一战胜OMG  LNG二比零轻取UP,0,哔哩哔哩英雄联盟赛事,50329118,1658240800,24:38,215,556090625,BV1Fe4y197Yg,False,0,0,0,0
160,641,171,197556,http://i1.hdslb.com/bfs/archive/586ebe4d9c58c89417d174df9ce3d984655281eb.jpg,,【2022LPL夏季赛】7月19日 LNG vs UP,1,【2022LPL夏季赛】7月19日 LNG vs UP,0,哔哩哔哩英雄联盟赛事,50329118,1658236769,111:35,1669,513530884,BV1n3411F7KA,False,0,0,0,0
161,451,171,141421,http://i1.hdslb.com/bfs/archive/944f8badc721d1f2cf68fb79f22ed1416c440bc8.jpg,,【2022LPL夏季赛】7月19日 TT vs OMG,1,【2022LPL夏季赛】7月19日 TT vs OMG,0,哔哩哔哩英雄联盟赛事,50329118,1658225177,176:04,649,386061468,BV14d4y1Q7uN,False,0,0,0,0
162,64,171,62460,http://i1.hdslb.com/bfs/archive/55183f7756c6d4d279d3d59b07b76e5866f0da77.jpg,,【LPL夏季赛TOP5】7月18日：月光凝刃风卷残云 火花闪耀一击溃军,1,【LPL夏季赛TOP5】7月18日：月光凝刃风卷残云 火花闪耀一击溃军,0,哔哩哔哩英雄联盟赛事,50329118,1658155388,04:01,80,471075170,BV1iT41177zx,False,0,0,0,0
163,93,171,57169,http://i1.hdslb.com/bfs/archive/02330780873ca793bc0975cfa5c16842c8fde9da.jpg,,【LPL赛事速看】W7D1：AL二比零WE JDG登上榜首二比一击败IG,1,【LPL赛事速看】W7D1：AL二比零WE  JDG登上榜首二比一击败IG,0,哔哩哔哩英雄联盟赛事,50329118,1658154913,24:08,251,556095189,BV1ce4y1972r,False,0,0,0,0
164,585,171,211153,http://i1.hdslb.com/bfs/archive/34cf183cbebfd09b32f0383aeefcb02f139222f2.jpg,,【2022LPL夏季赛】7月18日 IG vs JDG,1,【2022LPL夏季赛】7月18日 IG vs JDG,0,哔哩哔哩英雄联盟赛事,50329118,1658146212,168:50,1167,601001786,BV1hB4y1a7iX,False,0,0,0,0
165,984,171,202366,http://i2.hdslb.com/bfs/archive/9d3c5ba71470ec8ceb7e09721693db1d066871c2.jpg,,【2022LPL夏季赛】7月18日 WE vs AL,1,【2022LPL夏季赛】7月18日 WE vs AL,0,哔哩哔哩英雄联盟赛事,50329118,1658140126,110:32,1991,941103957,BV1BW4y11731,False,0,0,0,0
166,245,171,98813,http://i0.hdslb.com/bfs/archive/2dbc24bd002a59369b8b411ad7339e8a7bac99dc.jpg,,【LPL夏季赛TOP5】7月17日：绷带缠绕决生死 无情连打显神威,1,【LPL夏季赛TOP5】7月17日：绷带缠绕决生死 无情连打显神威,0,哔哩哔哩英雄联盟赛事,50329118,1658075464,04:37,304,513598377,BV1wg411Z7Ab,False,0,0,0,0
167,192,171,115465,http://i1.hdslb.com/bfs/archive/f824494c404eb3812a72936ba1d9b6170a866004.jpg,,【LPL赛事速看】W6D7: FPX一比二不敌OMG UP二比一战胜LGD 终结连败 WBG二比一击败V5 打破其不败金身,1,【LPL赛事速看】W6D7: FPX一比二不敌OMG  UP二比一战胜LGD 终结连败 WBG二比一击败V5 打破其不败金身,0,哔哩哔哩英雄联盟赛事,50329118,1658074368,41:24,721,941118037,BV1YW4y117Qg,False,0,0,0,0
168,6605,171,1490879,http://i2.hdslb.com/bfs/archive/42c42967afc595580892a0643ef6b5279056399f.jpg,,【2022LPL夏季赛】7月17日 V5 vs WBG,1,【2022LPL夏季赛】7月17日 V5 vs WBG,0,哔哩哔哩英雄联盟赛事,50329118,1658064818,153:24,23207,856056721,BV1EV4y1J7nE,False,0,0,0,0
169,190,171,74693,http://i2.hdslb.com/bfs/archive/4333f6eb0eeda071cebea9e9fcd3b338143b9048.jpg,,【2022LPL夏季赛】7月17日 LGD vs UP,1,【2022LPL夏季赛】7月17日 LGD vs UP,0,哔哩哔哩英雄联盟赛事,50329118,1658054942,157:18,182,856041077,BV1pV4y1J7Q4,False,0,0,0,0
170,813,171,225678,http://i0.hdslb.com/bfs/archive/9390b0215c09fc07522dc47be9d4f011790bf4e3.jpg,,【2022LPL夏季赛】7月17日 OMG vs FPX,1,【2022LPL夏季赛】7月17日 OMG vs FPX,0,哔哩哔哩英雄联盟赛事,50329118,1658045233,149:15,2533,258556708,BV1ra411S7fN,False,0,0,0,0
171,129,171,71623,http://i2.hdslb.com/bfs/archive/2079ee5fe6d2a5492e0c0c5ebe2d81f6eb6f94e1.jpg,,【LPL夏季赛TOP5】7月16日：大闹天宫翻江海 萤焰凝辉挽狂澜,1,【LPL夏季赛TOP5】7月16日：大闹天宫翻江海  萤焰凝辉挽狂澜,0,哔哩哔哩英雄联盟赛事,50329118,1657988464,03:35,100,601086784,BV1mB4y1a7CW,False,0,0,0,0
172,264,171,82310,http://i0.hdslb.com/bfs/archive/e0e3998264e7c9a1a1389e1880be3ab583a44502.jpg,,【LPL赛事速看】W6D6：BLG二比一RA TES让一追二击败EDG,1,【LPL赛事速看】W6D6：BLG二比一RA  TES让一追二击败EDG,0,哔哩哔哩英雄联盟赛事,50329118,1657988230,25:48,422,598550276,BV1sB4y1Y7HV,False,0,0,0,0
173,5320,171,894835,http://i1.hdslb.com/bfs/archive/cffc870ee5ce036bb6bc18372eecfae6b7fbdfe1.jpg,,【2022LPL夏季赛】7月16日 EDG vs TES,1,【2022LPL夏季赛】7月16日 EDG vs TES,0,哔哩哔哩英雄联盟赛事,50329118,1657978638,164:03,10494,813431274,BV1q34y1H7jk,False,0,0,0,0
174,5729,171,266031,http://i2.hdslb.com/bfs/archive/45bfcb0dd13d5c57d57d512f2c2e3f114f972aa1.jpg,,【2022LPL夏季赛】7月16日 BLG vs RA,1,【2022LPL夏季赛】7月16日 BLG vs RA,0,哔哩哔哩英雄联盟赛事,50329118,1657969587,203:19,2415,385896998,BV1id4y1D7oX,False,0,0,0,0
175,170,171,113103,http://i0.hdslb.com/bfs/archive/b7efdcab00133e035f4b64baaa71fe9a27dd2937.jpg,,【LPL赛事速看】W6D5:JDG二比零WE RNG鏖战三局击败LNG,1,【LPL赛事速看】W6D5:JDG二比零WE  RNG鏖战三局击败LNG,0,哔哩哔哩英雄联盟赛事,50329118,1657896513,26:25,666,598428786,BV17B4y1v7Ni,False,0,0,0,0
176,297,171,120683,http://i1.hdslb.com/bfs/archive/978f1c9548a123805b8220adeff551e6aeeb204b.jpg,,【2022LPL夏季赛】7月15日 周末补习班,1,【2022LPL夏季赛】7月15日 周末补习班,0,哔哩哔哩英雄联盟赛事,50329118,1657896077,41:07,1782,898391997,BV1fN4y1K7HF,False,0,0,0,0
177,88,171,44587,http://i1.hdslb.com/bfs/archive/fe2cab3f0153e710c5a7ca8eeb2dbcd6bfd4e8cf.jpg,,【LPL夏季赛TOP5】7月15日：电火激荡枪炮交响 臻冰陵墓地裂山崩,1,【LPL夏季赛TOP5】7月15日：电火激荡枪炮交响 臻冰陵墓地裂山崩,0,哔哩哔哩英雄联盟赛事,50329118,1657895550,03:35,91,343406684,BV1q94y197Au,False,0,0,0,0
178,2912,171,1063216,http://i0.hdslb.com/bfs/archive/66f3e21aaf3d3cdef88681755c40a63330126d1c.jpg,,【2022LPL夏季赛】7月15日 RNG vs LNG,1,【2022LPL夏季赛】7月15日 RNG vs LNG,0,哔哩哔哩英雄联盟赛事,50329118,1657885806,142:04,10706,855939675,BV1QV4y1E7Kb,False,0,0,0,0
179,578,171,149253,http://i1.hdslb.com/bfs/archive/cf61bddec5bb642aad3f16759546d90b441d0231.jpg,,【2022LPL夏季赛】7月15日 WE vs JDG,1,【2022LPL夏季赛】7月15日 WE vs JDG,0,哔哩哔哩英雄联盟赛事,50329118,1657879407,113:47,1344,940928863,BV15W4y1m7BC,False,0,0,0,0
180,74,171,63012,http://i1.hdslb.com/bfs/archive/ee1eee1fb9d1098e353b4acdbf88a91bb79a65f3.jpg,,【LPL夏季赛TOP5】7月14日：狂食鸦群恶魔变  青矛无畏越千山,1,【LPL夏季赛TOP5】7月14日：狂食鸦群恶魔变  青矛无畏越千山,0,哔哩哔哩英雄联盟赛事,50329118,1657809235,04:14,76,600993504,BV1EB4y1a7EW,False,0,0,0,0
181,116,171,72132,http://i0.hdslb.com/bfs/archive/154345fda1bea1df0ff8d2145d24a77adc1dbd36.jpg,,【LPL赛事速看】W6D4: AL二比一战胜TT V5二比零击败IG豪取九连胜,1,【LPL赛事速看】W6D4: AL二比一战胜TT  V5二比零击败IG豪取九连胜,0,哔哩哔哩英雄联盟赛事,50329118,1657807279,22:06,403,385971625,BV1fd4y1D74v,False,0,0,0,0
182,1716,171,540013,http://i1.hdslb.com/bfs/archive/2f1f89d06fc30f0a47d1393ba29cf6e2505efc41.jpg,,【2022LPL夏季赛】7月14日 V5 vs IG,1,【2022LPL夏季赛】7月14日 V5 vs IG,0,哔哩哔哩英雄联盟赛事,50329118,1657802238,100:52,6472,215888573,BV1Za411n7sK,False,0,0,0,0
183,521,171,126414,http://i2.hdslb.com/bfs/archive/dbdaefb9523e769529e9586f5cc55e9c3b5f28a1.jpg,,【2022LPL夏季赛】7月14日 AL vs TT,1,【2022LPL夏季赛】7月14日 AL vs TT,0,哔哩哔哩英雄联盟赛事,50329118,1657792789,163:22,711,258429161,BV1Ca411Q7mh,False,0,0,0,0
184,116,171,65770,http://i2.hdslb.com/bfs/archive/59244c0260609f9e496707b826f27cc11ae27e7e.jpg,,【LPL夏季赛TOP5】7月13日：风卷狂沙禁军筑人墙 银光飞瀑月神降天威,1,【LPL夏季赛TOP5】7月13日：风卷狂沙禁军筑人墙  银光飞瀑月神降天威,0,哔哩哔哩英雄联盟赛事,50329118,1657724252,03:40,119,600987840,BV17B4y1a75A,False,0,0,0,0
185,144,171,69628,http://i1.hdslb.com/bfs/archive/c15be3ced8b1ca61e280a552b2bc37b5ca43a0fc.jpg,,【LPL赛事速看】W6D3:BLG重振旗鼓二比一击败LGD  EDG二比零UP,1,【LPL赛事速看】W6D3:BLG重振旗鼓二比一击败LGD  EDG二比零UP,0,哔哩哔哩英雄联盟赛事,50329118,1657723577,24:45,348,940981436,BV16W4y1m7fc,False,0,0,0,0
186,1365,171,365245,http://i2.hdslb.com/bfs/archive/04b25cfd1d1fd6b4eefad76fd96b005b043bdc04.jpg,,【2022LPL夏季赛】7月13日 EDG vs UP,1,【2022LPL夏季赛】7月13日 EDG vs UP,0,哔哩哔哩英雄联盟赛事,50329118,1657716544,109:39,4589,898473092,BV1eN4y1T7Vc,False,0,0,0,0
187,831,171,216391,http://i1.hdslb.com/bfs/archive/60a4162ee62a25bf6bb8c8ceacd0464a011daa31.jpg,,【2022LPL夏季赛】7月13日 BLG vs LGD,1,【2022LPL夏季赛】7月13日 BLG vs LGD,0,哔哩哔哩英雄联盟赛事,50329118,1657709274,169:05,2224,770959493,BV1wr4y1J7Dq,False,0,0,0,0
188,266,171,89824,http://i1.hdslb.com/bfs/archive/8f3cf673e3609b2e15067076c757a9350e5c868b.jpg,,【LPL夏季赛TOP5】7月12日：冰封通碧胜千里 炼狱扳机挽狂澜,1,【LPL夏季赛TOP5】7月12日：冰封通碧胜千里 炼狱扳机挽狂澜,0,哔哩哔哩英雄联盟赛事,50329118,1657642122,04:42,291,470849024,BV1MT411J7dW,False,0,0,0,0
189,195,171,97905,http://i2.hdslb.com/bfs/archive/9d753cd893396aa2b6031d2593d82c15342b6a63.jpg,,【LPL赛事速看】W6D2: WE一比二不敌RNG 遭遇七连败 TES二比一战胜OMG 收获八连胜,1,【LPL赛事速看】W6D2: WE一比二不敌RNG 遭遇七连败 TES二比一战胜OMG 收获八连胜,0,哔哩哔哩英雄联盟赛事,50329118,1657640984,28:39,499,428338781,BV1EG411s7oM,False,0,0,0,0
190,3578,171,724862,http://i0.hdslb.com/bfs/archive/abd2ace96112cbba459baec42730c51557f0470e.jpg,,【2022LPL夏季赛】7月12日 OMG vs TES,1,【2022LPL夏季赛】7月12日 OMG vs TES,0,哔哩哔哩英雄联盟赛事,50329118,1657631624,164:31,9073,855780727,BV1CV4y1n7Ks,False,0,0,0,0
191,2545,171,679430,http://i2.hdslb.com/bfs/archive/a0542116a4c5b94bffe4486f740850c6140ad084.jpg,,【2022LPL夏季赛】7月12日 RNG vs WE,1,【2022LPL夏季赛】7月12日 RNG vs WE,0,哔哩哔哩英雄联盟赛事,50329118,1657620754,153:16,5965,470769988,BV1hT411g7k8,False,0,0,0,0
192,129,171,96506,http://i1.hdslb.com/bfs/archive/c13650bc5ec4d246a18190d74e6f5535a6f47f8e.jpg,,【LPL夏季赛TOP5】7月11日：369纳尔惊天一拍四逆转团战,1,【LPL夏季赛TOP5】7月11日：369纳尔惊天一拍四逆转团战,0,哔哩哔哩英雄联盟赛事,50329118,1657552371,04:21,136,215766479,BV1ua411n7yw,False,0,0,0,0
193,135,171,91568,http://i0.hdslb.com/bfs/archive/a11273047b0405cfef8c5566098aa9f09a385e1c.jpg,,【LPL赛事速看】W6D1:FPX二比零轻取LNG  JDG二比一险胜RA,1,【LPL赛事速看】W6D1:FPX二比零轻取LNG  JDG二比一险胜RA,0,哔哩哔哩英雄联盟赛事,50329118,1657548793,26:29,557,728362199,BV15S4y1J7A5,False,0,0,0,0
194,479,171,202960,http://i0.hdslb.com/bfs/archive/535eaaeae115d38ac0c55384f119b2d10c2ed2b7.jpg,,【2022LPL夏季赛】7月11日 JDG vs RA,1,【2022LPL夏季赛】7月11日 JDG vs RA,0,哔哩哔哩英雄联盟赛事,50329118,1657540493,155:31,1487,983314846,BV1Et4y147nH,False,0,0,0,0
195,1904,171,480432,http://i2.hdslb.com/bfs/archive/c315deed7e37c4ad172bc94b3348a488b17d3281.jpg,,【2022LPL夏季赛】7月11日 FPX vs LNG,1,【2022LPL夏季赛】7月11日 FPX vs LNG,0,哔哩哔哩英雄联盟赛事,50329118,1657534379,105:37,6112,728254810,BV1rS4y1E7U3,False,0,0,0,0
196,4358,171,976682,http://i1.hdslb.com/bfs/archive/b1a4a88ffce9bace156542fcbec6732c7fb013c5.jpg,,【2022LPL夏季赛】7月10日 周末饭堂夜,1,【2022LPL夏季赛】7月10日 周末饭堂夜,0,哔哩哔哩英雄联盟赛事,50329118,1657468362,100:33,3740,215854213,BV11a411n7pv,False,0,0,0,0
197,163,171,65343,http://i1.hdslb.com/bfs/archive/185f6920cf956cb8d2468cad3b8f321da27bfd15.jpg,,【LPL夏季赛TOP5】7月10日：青矛撕裂人无生 涤魂洞灭曲终结,1,【LPL夏季赛TOP5】7月10日：青矛撕裂人无生 涤魂洞灭曲终结,0,哔哩哔哩英雄联盟赛事,50329118,1657465122,04:14,142,728252793,BV1kS4y1E7xP,False,0,0,0,0
198,292,171,89703,http://i0.hdslb.com/bfs/archive/5a321a62c4fed4cdf9b1ee5a6ad40ec7ff2df7b3.jpg,,【LPL赛事速看】W5D6: TT二比一战胜IG 拿下二连胜 V5二比零击败EDG 豪取八连胜,1,【LPL赛事速看】W5D6: TT二比一战胜IG 拿下二连胜  V5二比零击败EDG 豪取八连胜,0,哔哩哔哩英雄联盟赛事,50329118,1657462620,22:44,559,215866240,BV1za411n7SJ,False,0,0,0,0
199,4797,171,935263,http://i0.hdslb.com/bfs/archive/a3dac39560618b32acdf9df7fe1950a9e370c0c3.jpg,,【2022LPL夏季赛】7月10日 EDG vs V5,1,【2022LPL夏季赛】7月10日 EDG vs V5,0,哔哩哔哩英雄联盟赛事,50329118,1657457336,112:47,13960,470771834,BV1hT411g7cU,False,0,0,0,0
200,361,171,120748,http://i0.hdslb.com/bfs/archive/4dae5d0cdbf4eaaa2373aa582664424d69b32a79.jpg,,【2022LPL夏季赛】7月10日 TT vs IG,1,【2022LPL夏季赛】7月10日 TT vs IG,0,哔哩哔哩英雄联盟赛事,50329118,1657447612,166:42,649,600781248,BV1HB4y1p7VH,False,0,0,0,0
201,126,171,83735,http://i1.hdslb.com/bfs/archive/c1d01b13a71e2f37c712fa3be2b4d9991a22087a.jpg,,【LPL夏季赛TOP5】7月9日：诅咒之触陷阵留敌 月神突临银刃破军,1,【LPL夏季赛TOP5】7月9日：诅咒之触陷阵留敌 月神突临银刃破军,0,哔哩哔哩英雄联盟赛事,50329118,1657380110,04:02,124,513333540,BV1ng411f7wX,False,0,0,0,0
202,188,171,115213,http://i0.hdslb.com/bfs/archive/916e57475bb5457c4fe997e83d6ab93380319d07.jpg,,【LPL赛事速看】W5D5: AL二比零轻取UP BLG一比二不敌WBG TES完成复仇二比一击败RNG,1,【LPL赛事速看】W5D5: AL二比零轻取UP  BLG一比二不敌WBG  TES完成复仇二比一击败RNG,0,哔哩哔哩英雄联盟赛事,50329118,1657379801,34:10,785,600784548,BV1nB4y1p7sa,False,0,0,0,0
203,7223,171,1109261,http://i2.hdslb.com/bfs/archive/f87af2429deef656e7e2099460ff2908091c414f.jpg,,【2022LPL夏季赛】7月9日 TES vs RNG,1,【2022LPL夏季赛】7月9日 TES vs RNG,0,哔哩哔哩英雄联盟赛事,50329118,1657370850,156:59,12899,983304051,BV15t4y147ep,False,0,0,0,0
204,2624,171,650588,http://i2.hdslb.com/bfs/archive/14acca5fa7e7b8223dd3391877d77847457065f3.jpg,,【2022LPL夏季赛】7月9日 BLG vs WBG,1,【2022LPL夏季赛】7月9日 BLG vs WBG,0,哔哩哔哩英雄联盟赛事,50329118,1657361169,157:36,13496,385680837,BV1NZ4y1Y7Lq,False,0,0,0,0
205,653,171,145796,http://i2.hdslb.com/bfs/archive/11045cfda1ad281b2aa11c5d06e6a6df3989a017.jpg,,【2022LPL夏季赛】7月9日 AL vs UP,1,【2022LPL夏季赛】7月9日 AL vs UP,0,哔哩哔哩英雄联盟赛事,50329118,1657353919,121:56,1154,215678164,BV1pa411p7Tc,False,0,0,0,0
206,133,171,89113,http://i2.hdslb.com/bfs/archive/e6edf01f163143bc3520edef6ffc82b6cd4cc37c.jpg,,【LPL赛事速看】W5D4: WE一比二不敌OMG JDG发挥出色二比一击败LNG,1,【LPL赛事速看】W5D4: WE一比二不敌OMG  JDG发挥出色二比一击败LNG,0,哔哩哔哩英雄联盟赛事,50329118,1657294742,29:07,564,555670709,BV1ov4y1T7an,False,0,0,0,0
207,225,171,100419,http://i2.hdslb.com/bfs/archive/269ad6bdff88831bddc874e0261bcd0b136af11e.jpg,,【2022LPL夏季赛】7月8日 周末补习班,1,【2022LPL夏季赛】7月8日 周末补习班,0,哔哩哔哩英雄联盟赛事,50329118,1657294736,42:18,1492,643153039,BV1oY4y1E7KG,False,0,0,0,0
208,40,171,33057,http://i2.hdslb.com/bfs/archive/b809e0d33e72eb26f85b1483a2d5d5ec62f939c9.jpg,,【LPL夏季赛TOP5】7月8日：灼灼炽焰断敌路 火箭跳跃取三杀,1,【LPL夏季赛TOP5】7月8日：灼灼炽焰断敌路 火箭跳跃取三杀,0,哔哩哔哩英雄联盟赛事,50329118,1657294534,03:39,63,598236757,BV1EB4y1e7Fm,False,0,0,0,0
209,1184,171,404798,http://i0.hdslb.com/bfs/archive/782956d72d3058e0d9230ab64657f21f4a78d605.jpg,,【2022LPL夏季赛】7月8日 LNG vs JDG,1,【2022LPL夏季赛】7月8日 LNG vs JDG,0,哔哩哔哩英雄联盟赛事,50329118,1657285957,151:32,3443,600719038,BV1FB4y1p7du,False,0,0,0,0
210,729,171,229781,http://i1.hdslb.com/bfs/archive/0f7724b906248e779500afa43de449ccbd6bafa9.jpg,,【2022LPL夏季赛】7月8日 WE vs OMG,1,【2022LPL夏季赛】7月8日 WE vs OMG,0,哔哩哔哩英雄联盟赛事,50329118,1657274812,148:24,2530,728201962,BV1KS4y1H7Xi,False,0,0,0,0
211,98,171,90452,http://i1.hdslb.com/bfs/archive/4825eeaf8487ba85c9cd978c2ebad49f15bd39c8.jpg,,【LPL夏季赛TOP5】7月6日：岩突石穿封路定胜势 狂怒猛踏绝境取三杀,1,【LPL夏季赛TOP5】7月6日：岩突石穿封路定胜势  狂怒猛踏绝境取三杀,0,哔哩哔哩英雄联盟赛事,50329118,1657116162,02:38,84,770650499,BV1vr4y1u7WE,False,0,0,0,0
212,126,171,96016,http://i2.hdslb.com/bfs/archive/0c49cb80058adf2f10f867aab07afe74b877e172.jpg,,【LPL赛事速看】W5D3: FPX二比一LGD拿下三连胜 V5二比零轻取RA,1,【LPL赛事速看】W5D3: FPX二比一LGD拿下三连胜  V5二比零轻取RA,0,哔哩哔哩英雄联盟赛事,50329118,1657116024,22:18,467,215635637,BV1ga411p7Cv,False,0,0,0,0
213,2209,171,652926,http://i2.hdslb.com/bfs/archive/aedc2c4e4c885f964103a781cc37e100f4a7bc72.jpg,,【2022LPL夏季赛】7月6日 V5 vs RA,1,【2022LPL夏季赛】7月6日 V5 vs RA,0,哔哩哔哩英雄联盟赛事,50329118,1657111022,92:32,8114,343148416,BV1t94y1X7iu,False,0,0,0,0
214,745,171,292522,http://i0.hdslb.com/bfs/archive/1a81873bbf83a383f838fa8fb4b9d4f949a8c9c5.jpg,,【2022LPL夏季赛】7月6日 FPX vs LGD,1,【2022LPL夏季赛】7月6日 FPX vs LGD,0,哔哩哔哩英雄联盟赛事,50329118,1657102091,149:52,3020,258230284,BV1ra411D7eB,False,0,0,0,0
215,163,171,81696,http://i0.hdslb.com/bfs/archive/8966e7fc72a74da5909e37307e122aa8b495444d.jpg,,【LPL夏季赛TOP5】7月5日：猛踏神掌狂怒灭 天雷破势一脚生,1,【LPL夏季赛TOP5】7月5日：猛踏神掌狂怒灭 天雷破势一脚生,0,哔哩哔哩英雄联盟赛事,50329118,1657031452,03:26,76,598057986,BV1LB4y1i7C7,False,0,0,0,0
216,602,171,105927,http://i1.hdslb.com/bfs/archive/fe8687042474a5d8c71992bd76f0b80ca9506d04.jpg,,【LPL赛事速看】W5D2: LNG二比零碾压战胜IG WBG一比二不敌AL遭遇二连败,1,【LPL赛事速看】W5D2: LNG二比零碾压战胜IG  WBG一比二不敌AL遭遇二连败,0,哔哩哔哩英雄联盟赛事,50329118,1657030290,23:12,712,598066428,BV1MB4y1i7H8,False,0,0,0,0
217,4810,171,656784,http://i2.hdslb.com/bfs/archive/ba227436288027fdaf830f1fed79be50aa81cbd4.jpg,,【2022LPL夏季赛】7月5日 WBG vs AL,1,【2022LPL夏季赛】7月5日 WBG vs AL,0,哔哩哔哩英雄联盟赛事,50329118,1657022295,153:43,9486,258016674,BV1ta411X7GV,False,0,0,0,0
218,597,171,254313,http://i0.hdslb.com/bfs/archive/ee69659c0ac6ebfaf4d70a599ae489a285b281ba.jpg,,【2022LPL夏季赛】7月5日 IG vs LNG,1,【2022LPL夏季赛】7月5日 IG vs LNG,0,哔哩哔哩英雄联盟赛事,50329118,1657015315,107:21,2622,385556157,BV1KZ4y1v7Qg,False,0,0,0,0
219,263,171,100665,http://i1.hdslb.com/bfs/archive/d0ff3c0efa46c3e269ecb1595991a3db1de166a9.jpg,,【LPL夏季赛TOP5】7月4日：魔龙降世火燎原 神兵飞降定胜局,1,【LPL夏季赛TOP5】7月4日：魔龙降世火燎原 神兵飞降定胜局,0,哔哩哔哩英雄联盟赛事,50329118,1656951173,03:43,186,983079494,BV12t4y1t7Px,False,0,0,0,0
220,497,171,110442,http://i0.hdslb.com/bfs/archive/572f7265347c42ec14b503814184da2ab4f49313.jpg,,【LPL赛事速看】W5D1: TT状态回暖二比一战胜BLG结束连败 EDG一比二爆冷不敌OMG连胜被终结,1,【LPL赛事速看】W5D1: TT状态回暖二比一战胜BLG结束连败 EDG一比二爆冷不敌OMG连胜被终结,0,哔哩哔哩英雄联盟赛事,50329118,1656949639,28:49,994,343037325,BV1s94y1R76Z,False,0,0,0,0
221,5769,171,784819,http://i2.hdslb.com/bfs/archive/c5a60dcbae16e2a9611350b4fbdd149da789f243.jpg,,【2022LPL夏季赛】7月4日 OMG vs EDG,1,【2022LPL夏季赛】7月4日 OMG vs EDG,0,哔哩哔哩英雄联盟赛事,50329118,1656940047,158:39,9939,215570185,BV1Da411H7nm,False,0,0,0,0
222,2290,171,332718,http://i2.hdslb.com/bfs/archive/fddc25656847a1a292a7b624c291d9d53cfa078b.jpg,,【2022LPL夏季赛】7月4日 TT vs BLG,1,【2022LPL夏季赛】7月4日 TT vs BLG,0,哔哩哔哩英雄联盟赛事,50329118,1656929251,178:52,4092,343042231,BV1x94y1R7h9,False,0,0,0,0
223,168,171,116716,http://i0.hdslb.com/bfs/archive/dd707d3c6df27814b4d6f4fbfdcab0e4eb06db16.jpg,,【LPL夏季赛TOP5】7月3日：GALA厄斐琉斯折镜飞舞，极速五杀融化对手！,1,【LPL夏季赛TOP5】7月3日：GALA厄斐琉斯折镜飞舞，极速五杀融化对手！,0,哔哩哔哩英雄联盟赛事,50329118,1656861363,03:47,187,770585976,BV15r4y1u7Bc,False,0,0,0,0
224,101,171,83255,http://i1.hdslb.com/bfs/archive/6661c88bc16d9d3bae374644be73346a20c22680.jpg,,【LPL赛事速看】W4D7: WE一比二不敌RA RNG二比零UP,1,【LPL赛事速看】W4D7: WE一比二不敌RA  RNG二比零UP,0,哔哩哔哩英雄联盟赛事,50329118,1656860104,23:16,396,643042923,BV1pY4y1E7WQ,False,0,0,0,0
225,2249,171,905698,http://i2.hdslb.com/bfs/archive/d73af2005f579658cbf4c8dab992df150f6ee187.jpg,,【2022LPL夏季赛】7月3日 UP vs RNG,1,【2022LPL夏季赛】7月3日 UP vs RNG,0,哔哩哔哩英雄联盟赛事,50329118,1656853476,95:13,8808,643111110,BV1yY4y1E7Gk,False,0,0,0,0
226,556,171,142703,http://i1.hdslb.com/bfs/archive/f9df910f2bae214b7e82c1b35b2ad0c0128aa4fd.jpg,,【2022LPL夏季赛】7月3日 RA vs WE,1,【2022LPL夏季赛】7月3日 RA vs WE,0,哔哩哔哩英雄联盟赛事,50329118,1656844897,170:21,648,470597865,BV1BT411u7tM,False,0,0,0,0
227,357,171,91889,http://i0.hdslb.com/bfs/archive/c9df211ac217e1d20ef24ca354fe8fd21527db14.jpg,,,1,【LPL夏季赛TOP5】7月2日：石穿岩突乘风至 痛贯天灵君命诀,0,哔哩哔哩英雄联盟赛事,50329118,1656783972,04:00,245,643020362,BV1ZY4y1n71f,False,0,0,0,0
228,280,171,131134,http://i2.hdslb.com/bfs/archive/b6d7a0c4ddbe92a2c0a8ec8d8624a262f94f665d.jpg,,,1,【LPL赛事速看】W4D6: LNG二比一战胜LGD  JDG一比二爆冷不敌FPX 终结六连胜  TES二比一击败WBG 豪取六连胜,0,哔哩哔哩英雄联盟赛事,50329118,1656780840,45:12,1145,598119857,BV1vB4y1i7wK,False,0,0,0,0
229,6924,171,1017769,http://i2.hdslb.com/bfs/archive/7fff870a6669eb133b7f99062c733b0e1e8d977d.jpg,,【2022LPL夏季赛】7月2日 WBG vs TES,1,【2022LPL夏季赛】7月2日 WBG vs TES,0,哔哩哔哩英雄联盟赛事,50329118,1656772687,176:02,11809,258061924,BV1ra411X7r6,False,0,0,0,0
230,2444,171,598925,http://i2.hdslb.com/bfs/archive/41aad0624f01c5f99ba801f6a3e2bf62278d0d1f.jpg,,【2022LPL夏季赛】7月2日 FPX vs JDG,1,【2022LPL夏季赛】7月2日 FPX vs JDG,0,哔哩哔哩英雄联盟赛事,50329118,1656762094,152:03,8106,215565386,BV1Ua411H7XU,False,0,0,0,0
231,1547,171,297270,http://i0.hdslb.com/bfs/archive/2bbdd01f665f473320fb47c0fba542ef8f409b15.jpg,,【2022LPL夏季赛】7月2日 LNG vs LGD,1,【2022LPL夏季赛】7月2日 LNG vs LGD,0,哔哩哔哩英雄联盟赛事,50329118,1656751507,208:39,3245,983028045,BV1At4y1h7K5,False,0,0,0,0
232,367,171,160260,http://i2.hdslb.com/bfs/archive/a6ccd2878e4b74e49f47e4eede035deb594ddbe7.jpg,,【2022LPL夏季赛】7月1日 周末补习班,1,【2022LPL夏季赛】7月1日 周末补习班,0,哔哩哔哩英雄联盟赛事,50329118,1656689106,94:43,3155,427921975,BV1PG411x78v,False,0,0,0,0
233,128,171,54379,http://i2.hdslb.com/bfs/archive/25354d62b72d2e22197f9295d169d2cc109b9799.jpg,,【LPL夏季赛TOP5】7月1日：烈焰之径灼烧峡谷 火花迸射超限输出,1,【LPL夏季赛TOP5】7月1日：烈焰之径灼烧峡谷  火花迸射超限输出,0,哔哩哔哩英雄联盟赛事,50329118,1656686902,02:47,102,300454242,BV19f4y1o7v2,False,0,0,0,0
234,99,171,66237,http://i1.hdslb.com/bfs/archive/0846262e6eccae89ab3dbe238b26c5aafbba0f34.jpg,,【LPL赛事速看】W4D5:EDG二比零TT V5惊险击败AL拿下六连胜,1,【LPL赛事速看】W4D5:EDG二比零TT  V5惊险击败AL拿下六连胜,0,哔哩哔哩英雄联盟赛事,50329118,1656686717,24:27,412,600477550,BV1tB4y1W7w2,False,0,0,0,0
235,1265,171,355111,http://i0.hdslb.com/bfs/archive/404073b30ddfef643662af4801d58c8e260a3cef.jpg,,【2022LPL夏季赛】7月1日 AL vs V5,1,【2022LPL夏季赛】7月1日 AL vs V5,0,哔哩哔哩英雄联盟赛事,50329118,1656676883,144:09,3045,512899738,BV1z3411w74N,False,0,0,0,0
236,781,171,322262,http://i0.hdslb.com/bfs/archive/b1123856dfe11bb68dedae7759245e267e2abcd9.jpg,,【2022LPL夏季赛】7月1日 EDG vs TT,1,【2022LPL夏季赛】7月1日 EDG vs TT,0,哔哩哔哩英雄联盟赛事,50329118,1656670291,123:13,3975,597887331,BV1PB4y1B73Q,False,0,0,0,0
237,101,171,75471,http://i2.hdslb.com/bfs/archive/8a458145e6e06db187d19b4c9a03359cf5722fd5.jpg,,【LPL夏季赛TOP5】6月30日：狂沙猛攻禁军现  猛龙摆尾骤雨停,1,【LPL夏季赛TOP5】6月30日：狂沙猛攻禁军现  猛龙摆尾骤雨停,0,哔哩哔哩英雄联盟赛事,50329118,1656603938,03:33,69,300433305,BV11f4y1o7bQ,False,0,0,0,0
238,186,171,101718,http://i2.hdslb.com/bfs/archive/9a07919ce1cdab2355723cbf98104811830a6a05.jpg,,【LPL赛事速看】W4D4: BLG二比一战胜IG 打破连败 OMG一比二不敌RNG,1,【LPL赛事速看】W4D4: BLG二比一战胜IG 打破连败  OMG一比二不敌RNG,0,哔哩哔哩英雄联盟赛事,50329118,1656601383,30:23,705,342893452,BV1Q94y197Lk,False,0,0,0,0
239,3198,171,985501,http://i0.hdslb.com/bfs/archive/3558b4b790175079ad2141a401736ede660f8cf8.jpg,,【2022LPL夏季赛】6月30日 RNG vs OMG,1,【2022LPL夏季赛】6月30日 RNG vs OMG,0,哔哩哔哩英雄联盟赛事,50329118,1656593637,145:47,9451,642954293,BV1BY4y1n7uS,False,0,0,0,0
240,827,171,246543,http://i1.hdslb.com/bfs/archive/dd35c24f64bf835331887a9abc763d5e52e9e5ac.jpg,,【2022LPL夏季赛】6月30日 BLG vs IG,1,【2022LPL夏季赛】6月30日 BLG vs IG,0,哔哩哔哩英雄联盟赛事,50329118,1656584202,152:58,1789,555397842,BV1xv4y1u7mD,False,0,0,0,0
241,1512,171,292075,http://i2.hdslb.com/bfs/archive/79593a41bf64a8978f9c367674c601e08add05b6.jpg,,2022LPL年度推广曲《无畏之路》（选手版）MV,1,2022LPL年度推广曲《无畏之路》（选手版）MV,0,哔哩哔哩英雄联盟赛事,50329118,1656573629,04:15,2091,555401705,BV17v4y1u7Gm,False,0,0,0,0
242,101,171,75422,http://i2.hdslb.com/bfs/archive/fb6c27f12fb35e19faa84ef007fcaa227dda4f13.jpg,,【LPL夏季赛TOP5】6月29日：超限爆闪电光炙 狂怒猛踏一掌灭,1,【LPL夏季赛TOP5】6月29日：超限爆闪电光炙  狂怒猛踏一掌灭,0,哔哩哔哩英雄联盟赛事,50329118,1656509310,05:04,146,512958759,BV1f3411w77h,False,0,0,0,0
243,159,171,94182,http://i0.hdslb.com/bfs/archive/f1835fe9491df19feffd592c7d575cbcdd42ca08.jpg,,【LPL赛事速看】W4D3: FPX二比零战胜RA 收获夏季赛首胜  WBG二比零碾压击败UP 拿下二连胜,1,【LPL赛事速看】W4D3: FPX二比零战胜RA 收获夏季赛首胜   WBG二比零碾压击败UP 拿下二连胜,0,哔哩哔哩英雄联盟赛事,50329118,1656507065,18:37,465,342929863,BV1A94y1R7A4,False,0,0,0,0
244,1864,171,695609,http://i2.hdslb.com/bfs/archive/e795338795c4dd70a825bfb9e4e5ba763a8236d2.jpg,,【2022LPL夏季赛】6月29日 WBG vs UP,1,【2022LPL夏季赛】6月29日 WBG vs UP,0,哔哩哔哩英雄联盟赛事,50329118,1656502413,92:03,7911,727973550,BV1qS4y1p7LU,False,0,0,0,0
245,1194,171,319903,http://i2.hdslb.com/bfs/archive/c2d1c34bdbfe5938d3919f2205c2698135640847.jpg,,【2022LPL夏季赛】6月29日 RA vs FPX,1,【2022LPL夏季赛】6月29日 RA vs FPX,0,哔哩哔哩英雄联盟赛事,50329118,1656496325,101:54,3418,257941264,BV1JY411K7uB,False,0,0,0,0
246,363,171,87240,http://i2.hdslb.com/bfs/archive/e441cc8756af736dfb4bcbcaaf119cad76579bda.jpg,,【LPL夏季赛TOP5】6月28日：knight阿狸宝珠绕狐火，上路一打三双杀,1,【LPL夏季赛TOP5】6月28日：knight阿狸宝珠绕狐火，上路一打三双杀,0,哔哩哔哩英雄联盟赛事,50329118,1656423007,04:01,117,300411432,BV1gF411F7ma,False,0,0,0,0
247,210,171,95061,http://i2.hdslb.com/bfs/archive/7abe889ee786d73ed944a1a78988d0289bd48b5b.jpg,,【LPL赛事速看】W4D2: WE首胜难求零比二不敌V5 TES二比零轻取LNG,1,【LPL赛事速看】W4D2: WE首胜难求零比二不敌V5  TES二比零轻取LNG,0,哔哩哔哩英雄联盟赛事,50329118,1656421837,19:15,534,940459341,BV1bW4y1z7vQ,False,0,0,0,0
248,3708,171,714210,http://i2.hdslb.com/bfs/archive/0c7020735932773eb78523e51352b87375d80fc8.jpg,,【2022LPL夏季赛】6月28日 LNG vs TES,1,【2022LPL夏季赛】6月28日 LNG vs TES,0,哔哩哔哩英雄联盟赛事,50329118,1656417091,101:51,8264,470428442,BV1iT41137eX,False,0,0,0,0
249,2403,171,376204,http://i1.hdslb.com/bfs/archive/df9f06d19167a6f3cfab1cc556fcfda7e540da51.jpg,,【2022LPL夏季赛】6月28日 V5 vs WE,1,【2022LPL夏季赛】6月28日 V5 vs WE,0,哔哩哔哩英雄联盟赛事,50329118,1656410454,101:37,4133,982960037,BV1rt4y18754,False,0,0,0,0
250,81,171,70143,http://i1.hdslb.com/bfs/archive/d234d30f26c8213216dcd80e791523afc272cf35.jpg,,【LPL夏季赛TOP5】6月27日：灿丽花火迁转回 烈焰魔魂龙降世,1,【LPL夏季赛TOP5】6月27日：灿丽花火迁转回 烈焰魔魂龙降世,0,哔哩哔哩英雄联盟赛事,50329118,1656339854,05:34,79,982750320,BV1tt4y1a7hy,False,0,0,0,0
251,101,171,71516,http://i2.hdslb.com/bfs/archive/bcf3101dd7737adc8cfb31bcf34ae24acb06953a.jpg,,【LPL赛事速看】W4D1: OMG二比零轻取LGD 收获二连胜  JDG二比零TT 斩获六连胜,1,【LPL赛事速看】W4D1: OMG二比零轻取LGD 收获二连胜  JDG二比零TT 斩获六连胜,0,哔哩哔哩英雄联盟赛事,50329118,1656337240,21:43,344,897861099,BV1zN4y1u7xp,False,0,0,0,0
252,852,171,204120,http://i0.hdslb.com/bfs/archive/322686c8c18e6c7487600c5c018ab77c5bbfed1b.jpg,,【2022LPL夏季赛】6月27日 JDG vs TT,1,【2022LPL夏季赛】6月27日 JDG vs TT,0,哔哩哔哩英雄联盟赛事,50329118,1656331565,106:50,1595,812809948,BV1m34y1W767,False,0,0,0,0
253,514,171,283427,http://i2.hdslb.com/bfs/archive/32414d7b04f56e45593a6d16796c57da4cd54620.jpg,,【2022LPL夏季赛】6月27日 OMG vs LGD,1,【2022LPL夏季赛】6月27日 OMG vs LGD,0,哔哩哔哩英雄联盟赛事,50329118,1656324488,117:07,2800,597859377,BV1RB4y1q7EE,False,0,0,0,0
254,4587,171,1232281,http://i0.hdslb.com/bfs/archive/f97ba9a2681bb680dc031cba0b77412a957ac159.jpg,,【2022LPL夏季赛】6月26日 周末饭堂夜,1,【2022LPL夏季赛】6月26日 周末饭堂夜,0,哔哩哔哩英雄联盟赛事,50329118,1656261438,104:50,29033,642814624,BV1dY4y1J73V,False,0,0,0,0
255,123,171,62822,http://i1.hdslb.com/bfs/archive/06ffbfdc326fa023f950528d809cad313cbf83ed.jpg,,【LPL夏季赛TOP5】6月26日： 黄沙漫天残影突现 风起云散月神降临,1,【LPL夏季赛TOP5】6月26日： 黄沙漫天残影突现 风起云散月神降临,0,哔哩哔哩英雄联盟赛事,50329118,1656258167,03:58,50,300330380,BV1Rf4y1f71J,False,0,0,0,0
256,224,171,84874,http://i1.hdslb.com/bfs/archive/dd9a53859a834394a5209f9991ddf22e4272a39a.jpg,,【LPL赛事速看】W3D7: AL二比一翻盘击败IG EDG二比一险胜BLG,1,【LPL赛事速看】W3D7: AL二比一翻盘击败IG  EDG二比一险胜BLG,0,哔哩哔哩英雄联盟赛事,50329118,1656255702,22:39,424,257847690,BV1XY411N7Kc,False,0,0,0,0
257,2262,171,563615,http://i0.hdslb.com/bfs/archive/eb5f64284461229ee34d1490e27486a5900b8fa5.jpg,,【2022LPL夏季赛】6月26日 EDG vs BLG,1,【2022LPL夏季赛】6月26日 EDG vs BLG,0,哔哩哔哩英雄联盟赛事,50329118,1656246646,152:45,3552,897816017,BV1jN4y1G7qE,False,0,0,0,0
258,662,171,170039,http://i0.hdslb.com/bfs/archive/ff602efdc9ac7fa99e70488eed01e390cb6cfdcc.jpg,,【2022LPL夏季赛】6月26日 IG vs AL,1,【2022LPL夏季赛】6月26日 IG vs AL,0,哔哩哔哩英雄联盟赛事,50329118,1656237640,157:15,1077,257789791,BV1kY411N7Ss,False,0,0,0,0
259,149,171,82797,http://i0.hdslb.com/bfs/archive/d50d9647cb636f7d3341418f676a276ce1228e3c.jpg,,【LPL夏季赛TOP5】6月25日： 铁腕出击紫焰灼魂 冷酷冰霜冻结千里,1,【LPL夏季赛TOP5】6月25日： 铁腕出击紫焰灼魂 冷酷冰霜冻结千里,0,哔哩哔哩英雄联盟赛事,50329118,1656175201,03:57,118,600270549,BV1dB4y1s715,False,0,0,0,0
260,293,171,135874,http://i1.hdslb.com/bfs/archive/09e06622e101c41a0f94f520629375d69f7b0af3.jpg,,【LPL赛事速看】W3D6: WBG二比一RA  TES二比一FPX  V5鏖战三局险胜RNG,1,【LPL赛事速看】W3D6: WBG二比一RA  TES二比一FPX  V5鏖战三局险胜RNG,0,哔哩哔哩英雄联盟赛事,50329118,1656174084,48:02,1023,982778307,BV1dt4y1b7ag,False,0,0,0,0
261,7581,171,1042385,http://i1.hdslb.com/bfs/archive/df8a8b7e4293a2e6fb8194bc54ecb86778ad49fa.jpg,,【2022LPL夏季赛】6月25日 V5 vs RNG,1,【2022LPL夏季赛】6月25日 V5 vs RNG,0,哔哩哔哩英雄联盟赛事,50329118,1656165408,164:31,16526,215324093,BV1xa411W7kj,False,0,0,0,0
262,1687,171,392581,http://i1.hdslb.com/bfs/archive/f752d4c34b26f7f98586ad88b263b03226555f7f.jpg,,【2022LPL夏季赛】6月25日 FPX vs TES,1,【2022LPL夏季赛】6月25日 FPX vs TES,0,哔哩哔哩英雄联盟赛事,50329118,1656154744,164:54,2915,300260144,BV1ef4y1f7YU,False,0,0,0,0
263,3261,171,905330,http://i2.hdslb.com/bfs/archive/10fed7e930da67c7d07539ea48ca2f5ff357c356.jpg,,【2022LPL夏季赛】6月25日 RA vs WBG,1,【2022LPL夏季赛】6月25日 RA vs WBG,0,哔哩哔哩英雄联盟赛事,50329118,1656143973,169:48,15198,940331856,BV1DW4y1B77R,False,0,0,0,0
264,288,171,169858,http://i1.hdslb.com/bfs/archive/5441d5af6c5863a6645985b3b19438c45e1c46e2.jpg,,【2022LPL夏季赛】6月24日 周末补习班,1,【2022LPL夏季赛】6月24日 周末补习班,0,哔哩哔哩英雄联盟赛事,50329118,1656085503,55:33,2021,427821227,BV1aG411s7Lm,False,0,0,0,0
265,101,171,83290,http://i1.hdslb.com/bfs/archive/6455b073a0d1cda822427b835d1f0d6c95ddbdeb.jpg,,,1,【LPL赛事速看】W3D5: OMG重振旗鼓二比一战胜LNG 终结三连败   JDG二比一击败UP 豪取五连胜,0,哔哩哔哩英雄联盟赛事,50329118,1656084365,32:07,443,982837555,BV1At4y1877g,False,0,0,0,0
266,55,171,44396,http://i2.hdslb.com/bfs/archive/612061489e1f360253a260b5a9c2d85c92bd4244.jpg,,,1,【LPL夏季赛TOP5】6月24日：虚空一霎暴雨至 地火炮幕无人生,0,哔哩哔哩英雄联盟赛事,50329118,1656083434,04:37,74,342818830,BV1s94y117iT,False,0,0,0,0
267,1012,171,193730,http://i1.hdslb.com/bfs/archive/161f09d60b0c046adf863ce91b76df4cd144c291.jpg,,【2022LPL夏季赛】6月24日 JDG VS UP,1,【2022LPL夏季赛】6月24日 JDG VS UP,0,哔哩哔哩英雄联盟赛事,50329118,1656074733,154:53,1155,342796822,BV1j94y117S2,False,0,0,0,0
268,1785,171,338237,http://i1.hdslb.com/bfs/archive/f5a965e30e7c586c9ace0b0c5d61bf12275248aa.jpg,,【2022LPL夏季赛】6月24日 OMG vs LNG,1,【2022LPL夏季赛】6月24日 OMG vs LNG,0,哔哩哔哩英雄联盟赛事,50329118,1656065306,151:11,3959,555324286,BV1Pv4y1u7F2,False,0,0,0,0
269,99,171,69773,http://i2.hdslb.com/bfs/archive/a4915bdb27b5bb68ecf92bf5fec9c1e3faca4102.jpg,,【LPL赛事速看】W3D4: LGD击败AL喜迎首胜 TT二比零战胜WE,1,【LPL赛事速看】W3D4: LGD击败AL喜迎首胜  TT二比零战胜WE,0,哔哩哔哩英雄联盟赛事,50329118,1655996096,15:10,188,855208351,BV11L4y1A7Wp,False,0,0,0,0
270,40,171,42109,http://i1.hdslb.com/bfs/archive/6479725e27c2855e03942b5faf54f4a61525ffc1.jpg,,【LPL夏季赛TOP5】6月23日：枪炮交响招招致命 潜航突阵厄运临身,1,【LPL夏季赛TOP5】6月23日：枪炮交响招招致命 潜航突阵厄运临身,0,哔哩哔哩英雄联盟赛事,50329118,1655995074,03:45,44,555135472,BV12v4y1g7zy,False,0,0,0,0
271,908,171,207657,http://i0.hdslb.com/bfs/archive/dab73c8594495e8e1bbbc214070a03121c6442b2.jpg,,【2022LPL夏季赛】6月23日 TT vs WE,1,【2022LPL夏季赛】6月23日 TT vs WE,0,哔哩哔哩英雄联盟赛事,50329118,1655985038,96:08,1314,385169407,BV1SZ4y1v7RQ,False,0,0,0,0
272,458,171,136710,http://i2.hdslb.com/bfs/archive/bac943efd18fb80882c70acb91e4a77b9f7cc150.jpg,,【2022LPL夏季赛】6月23日 AL vs LGD,1,【2022LPL夏季赛】6月23日 AL vs LGD,0,哔哩哔哩英雄联盟赛事,50329118,1655978785,99:49,433,342708557,BV1r94y1y7wC,False,0,0,0,0
273,220,171,117775,http://i2.hdslb.com/bfs/archive/8e15140033d80bda78379c2869a26b20c7464bfa.jpg,,【LPL赛事速看】W3D3: EDG二比一IG TES连下两局击败BLG,1,【LPL赛事速看】W3D3: EDG二比一IG  TES连下两局击败BLG,0,哔哩哔哩英雄联盟赛事,50329118,1655910010,21:56,615,300199288,BV15f4y1f7U2,False,0,0,0,0
274,88,171,64742,http://i1.hdslb.com/bfs/archive/f7d7eb338e1187eb5cd209e6c2399b9e02a1bcd8.jpg,,【LPL夏季赛TOP5】6月22日：Flandre凯南天雷滚滚一电四，Viper泽丽斩下三杀,1,【LPL夏季赛TOP5】6月22日：Flandre凯南天雷滚滚一电四，Viper泽丽斩下三杀,0,哔哩哔哩英雄联盟赛事,50329118,1655909748,04:07,140,257688940,BV1VY411N7PX,False,0,0,0,0
275,3804,171,640832,http://i0.hdslb.com/bfs/archive/8d662756500c25eb3251bf261f6b725176876fad.jpg,,【2022LPL夏季赛】6月22日 TES vs BLG,1,【2022LPL夏季赛】6月22日 TES vs BLG,0,哔哩哔哩英雄联盟赛事,50329118,1655903247,120:15,7707,512713977,BV1bg411X78M,False,0,0,0,0
276,1379,171,541642,http://i1.hdslb.com/bfs/archive/e8422774a1a5c1d9e19852b5d9cce27f9d01c324.jpg,,【2022LPL夏季赛】6月22日 IG vs EDG,1,【2022LPL夏季赛】6月22日 IG vs EDG,0,哔哩哔哩英雄联盟赛事,50329118,1655892358,152:23,6950,982692290,BV1gt4y1a7Ui,False,0,0,0,0
277,162,171,110329,http://i2.hdslb.com/bfs/archive/5539154917196325c88a1e480bbb270cda5bfb98.jpg,,【LPL夏季赛TOP5】6月21日：冰封陵墓千里灭 青幽一剑斩立决,1,【LPL夏季赛TOP5】6月21日：冰封陵墓千里灭 青幽一剑斩立决,0,哔哩哔哩英雄联盟赛事,50329118,1655824765,05:09,271,982719934,BV17t4y1a7V6,False,0,0,0,0
278,376,171,137805,http://i2.hdslb.com/bfs/archive/816c050f4d48f5c0f0138b8872dd6244347484eb.jpg,,【LPL赛事速看】W3D2:V5二比零碾压战胜FPX 收获三连胜  RNG鏖战三局 二比一击败WBG 拿下二连胜,1,【LPL赛事速看】W3D2:V5二比零碾压战胜FPX 收获三连胜    RNG鏖战三局 二比一击败WBG 拿下二连胜,0,哔哩哔哩英雄联盟赛事,50329118,1655821819,25:37,785,727736073,BV1WS4y1H7yS,False,0,0,0,0
279,8230,171,1459181,http://i0.hdslb.com/bfs/archive/0a0d22ea49e99e2c69a3215fcfb24fa6c8f1f804.jpg,,【2022LPL夏季赛】6月21日 RNG vs WBG,1,【2022LPL夏季赛】6月21日 RNG vs WBG,0,哔哩哔哩英雄联盟赛事,50329118,1655814357,160:18,18005,512632643,BV15g411X7MZ,False,0,0,0,0
280,1114,171,341572,http://i1.hdslb.com/bfs/archive/65615c368a23f4e50c82af86eadd59afe2eefac7.jpg,,【2022LPL夏季赛】6月21日 V5 vs FPX,1,【2022LPL夏季赛】6月21日 V5 vs FPX,0,哔哩哔哩英雄联盟赛事,50329118,1655806344,111:57,2694,600235891,BV1yB4y1s7Es,False,0,0,0,0
281,122,171,80059,http://i2.hdslb.com/bfs/archive/8facbc615eb6980dee065a4a36c12970cdf20304.jpg,,【LPL夏季赛TOP5】6月20日：清辉夜凝天光暗 狐媚众生影随行,1,【LPL夏季赛TOP5】6月20日：清辉夜凝天光暗 狐媚众生影随行,0,哔哩哔哩英雄联盟赛事,50329118,1655739156,03:16,109,940129348,BV1qW4y167Xx,False,0,0,0,0
282,129,171,81211,http://i2.hdslb.com/bfs/archive/68d3576d4c42b2304ae72811ba36e5e991d53df0.jpg,,【LPL赛事速看】W3D1:JDG二比一战胜OMG斩获四连胜 UP二比一逆转战胜RA,1,【LPL赛事速看】W3D1:JDG二比一战胜OMG斩获四连胜 UP二比一逆转战胜RA,0,哔哩哔哩英雄联盟赛事,50329118,1655736611,27:28,527,600211509,BV1UB4y1s76G,False,0,0,0,0
283,1212,171,276417,http://i0.hdslb.com/bfs/archive/28ce8854162d671db4c234ad62df0d9751a67c3e.jpg,,【2022LPL夏季赛】6月20日 UP vs RA,1,【2022LPL夏季赛】6月20日 UP vs RA,0,哔哩哔哩英雄联盟赛事,50329118,1655727880,151:44,3510,555226203,BV1Yv4y1M75n,False,0,0,0,0
284,535,171,210662,http://i2.hdslb.com/bfs/archive/6722bc6dcac4d6de208b3648a1e440da3cd28fe7.jpg,,【2022LPL夏季赛】6月20日 OMG vs JDG,1,【2022LPL夏季赛】6月20日 OMG vs JDG,0,哔哩哔哩英雄联盟赛事,50329118,1655719713,150:05,1688,685223131,BV1tU4y197jq,False,0,0,0,0
285,108,171,82055,http://i2.hdslb.com/bfs/archive/703ab98e3ffa320bf1f83c5968a3c38b347a0b29.jpg,,【LPL夏季赛TOP5】6月19日：长矛破空穿心过  黑雾噬魂影燎原,1,【LPL夏季赛TOP5】6月19日：长矛破空穿心过  黑雾噬魂影燎原,0,哔哩哔哩英雄联盟赛事,50329118,1655653021,04:01,159,597672746,BV1LB4y1D7gf,False,0,0,0,0
286,280,171,95462,http://i2.hdslb.com/bfs/archive/3dc800be43335ae43761f5c0d8e41ceb74cd4109.jpg,,【LPL赛事速看】W2D7: AL势如破竹二比零击败BLG LNG鏖战三局击败TT,1,【LPL赛事速看】W2D7: AL势如破竹二比零击败BLG  LNG鏖战三局击败TT,0,哔哩哔哩英雄联盟赛事,50329118,1655649670,28:57,823,427744650,BV1s3411u7Mu,False,0,0,0,0
287,1812,171,289739,http://i0.hdslb.com/bfs/archive/c1e4ce58bc528b9efad8eb83fe9717c593a326de.jpg,,【2022LPL夏季赛】6月19日 LNG vs TT,1,【2022LPL夏季赛】6月19日 LNG vs TT,0,哔哩哔哩英雄联盟赛事,50329118,1655639909,174:31,3263,642641549,BV12Y4y1g7iq,False,0,0,0,0
288,4154,171,502226,http://i0.hdslb.com/bfs/archive/9945fce48a9b678af3a9c3f605d7ec43c82e873d.jpg,,【2022LPL夏季赛】6月19日 AL vs BLG,1,【2022LPL夏季赛】6月19日 AL vs BLG,0,哔哩哔哩英雄联盟赛事,50329118,1655632945,106:34,7540,427551638,BV1T341137GD,False,0,0,0,0
289,159,171,129677,http://i0.hdslb.com/bfs/archive/e2065750512d492782a3df6a46fde58d974ecf36.jpg,,【LPL赛事速看】W2D6: LGD零比二V5 TES连下两城击败IG WE鏖战三局不敌WBG,1,【LPL赛事速看】W2D6: LGD零比二V5  TES连下两城击败IG  WE鏖战三局不敌WBG,0,哔哩哔哩英雄联盟赛事,50329118,1655563946,29:40,556,770098658,BV1or4y1376L,False,0,0,0,0
290,73,171,47532,http://i1.hdslb.com/bfs/archive/742e155df3ddf685f4a498195169ccad990fcf3a.jpg,,【LPL夏季赛TOP5】6月18日：幽影鬼步魂穿刺 紫焰毒火降炼狱,1,【LPL夏季赛TOP5】6月18日：幽影鬼步魂穿刺 紫焰毒火降炼狱,0,哔哩哔哩英雄联盟赛事,50329118,1655563889,03:42,76,470064620,BV1sT411G7eV,False,0,0,0,0
291,1799,171,640200,http://i1.hdslb.com/bfs/archive/b0bb55a93cd7378141524ac6211f776f24a6c447.jpg,,【2022LPL夏季赛】6月18日WE vs WBG,1,【2022LPL夏季赛】6月18日 WE vs WBG,0,哔哩哔哩英雄联盟赛事,50329118,1655553757,137:21,5255,257514661,BV1SY411K7TZ,False,0,0,0,0
292,1216,171,540343,http://i0.hdslb.com/bfs/archive/b4db7447706d656e196d68daef59678f21c46df4.jpg,,【2022LPL夏季赛】6月18日 TES vs IG,1,【2022LPL夏季赛】6月18日 TES vs IG,0,哔哩哔哩英雄联盟赛事,50329118,1655547271,108:15,4116,685099686,BV16U4y1X786,False,0,0,0,0
293,508,171,238099,http://i1.hdslb.com/bfs/archive/64d5199029e2d6be902f1ac80acee05f2a0a769e.jpg,,【2022LPL夏季赛】6月18日 LGD vs V5,1,【2022LPL夏季赛】6月18日 LGD vs V5,0,哔哩哔哩英雄联盟赛事,50329118,1655541719,128:41,2533,512546373,BV1qg411Q71z,False,0,0,0,0
294,174,171,84323,http://i2.hdslb.com/bfs/archive/d6eda8f5d33f7d37d7ae2175ab2d45a23710fa25.jpg,,【LPL夏季赛TOP5】6月17日：狐影无踪灵魄袭 大海无量暴雨归,1,【LPL夏季赛TOP5】6月17日：狐影无踪灵魄袭 大海无量暴雨归,0,哔哩哔哩英雄联盟赛事,50329118,1655478599,03:45,177,642613315,BV1SY4y1g7SM,False,0,0,0,0
295,188,171,125698,http://i0.hdslb.com/bfs/archive/f018fb50afd1c270c8b9a5e386a516ec6fe0a601.jpg,,【LPL赛事速看】W2D5: JDG二比零战胜EDG 豪取三连胜 RNG二比一击败FPX 拿下夏季赛开门红,1,【LPL赛事速看】W2D5: JDG二比零战胜EDG 豪取三连胜  RNG二比一击败FPX 拿下夏季赛开门红,0,哔哩哔哩英雄联盟赛事,50329118,1655477083,24:13,554,215018259,BV1pa411s7pP,False,0,0,0,0
296,4095,171,1483498,http://i2.hdslb.com/bfs/archive/0e4266bf9d7b39a8f5bb4f3d189c23ea607d565e.jpg,,【2022LPL夏季赛】6月17日 RNG vs FPX,1,【2022LPL夏季赛】6月17日 RNG vs FPX,0,哔哩哔哩英雄联盟赛事,50329118,1655467726,148:59,11700,300104753,BV14F411c7i1,False,0,0,0,0
297,2206,171,482027,http://i0.hdslb.com/bfs/archive/c2adb1abcb09657ac5858179735dafefc519db7f.jpg,,【2022LPL夏季赛】6月17日 EDG vs JDG,1,【2022LPL夏季赛】6月17日 EDG vs JDG,0,哔哩哔哩英雄联盟赛事,50329118,1655460903,130:17,4982,300014163,BV1SF411F78d,False,0,0,0,0
298,102,171,70246,http://i1.hdslb.com/bfs/archive/937879bea0c4d096e58661ed299446b533e95eb9.jpg,,【LPL夏季赛TOP5】6月16日：残月破晓紫焰至 圣僧无畏定乾坤,1,【LPL夏季赛TOP5】6月16日：残月破晓紫焰至 圣僧无畏定乾坤,0,哔哩哔哩英雄联盟赛事,50329118,1655396630,04:32,88,727523452,BV1oS4y1e7JH,False,0,0,0,0
299,90,171,91609,http://i0.hdslb.com/bfs/archive/4d638b7d7cc334e93a9e8a21bdde978b592cf501.jpg,,【LPL赛事速看】W2D4:OMG一比二不敌RA BLG二比一战胜UP拿下夏季赛首胜,1,【LPL赛事速看】W2D4:OMG一比二不敌RA  BLG二比一战胜UP拿下夏季赛首胜,0,哔哩哔哩英雄联盟赛事,50329118,1655393737,28:22,466,385009401,BV1aZ4y1q7tr,False,0,0,0,0
300,1784,171,333266,http://i1.hdslb.com/bfs/archive/428a55ee9852f2b0a2dfa2dda1275e7456813fe6.jpg,,【2022LPL夏季赛】6月16日 UP vs BLG,1,【2022LPL夏季赛】6月16日 UP vs BLG,0,哔哩哔哩英雄联盟赛事,50329118,1655383775,154:40,2421,982593796,BV16t4y1h7zT,False,0,0,0,0
301,1570,171,695312,http://i0.hdslb.com/bfs/archive/4438baa16091e6d5cb5f44afe84711107be4d1c5.jpg,,【2022LPL夏季赛】6月16日 RA vs OMG,1,【2022LPL夏季赛】6月16日 RA vs OMG,0,哔哩哔哩英雄联盟赛事,50329118,1655374801,167:30,8606,385115161,BV1WZ4y1v7gE,False,0,0,0,0
302,65,171,73117,http://i1.hdslb.com/bfs/archive/0454b638602dd57d7011b9c5f43a380528f0b005.jpg,,【LPL夏季赛TOP5】6月15日：奥术涌动藏杀机 怒兽踏阵伴清辉,1,【LPL夏季赛TOP5】6月15日：奥术涌动藏杀机 怒兽踏阵伴清辉,0,哔哩哔哩英雄联盟赛事,50329118,1655302918,03:13,81,642573702,BV14Y4y1g7zk,False,0,0,0,0
303,77,171,79156,http://i1.hdslb.com/bfs/archive/ce6d285c7f09acddb64c2ea19dddb857b6cce6c3.jpg,,【LPL赛事速看】W2D3: LNG二比零AL收获两连胜 V5二比零击败TT拿到开门红,1,【LPL赛事速看】W2D3: LNG二比零AL收获两连胜 V5二比零击败TT拿到开门红,0,哔哩哔哩英雄联盟赛事,50329118,1655301541,21:07,406,897511259,BV1fA4y1R7T5,False,0,0,0,0
304,1050,171,411704,http://i1.hdslb.com/bfs/archive/4e92eb25fdb611b1dd0a112c380b3d552df18237.jpg,,【2022LPL夏季赛】6月15日 TT vs V5,1,【2022LPL夏季赛】6月15日 TT vs V5,0,哔哩哔哩英雄联盟赛事,50329118,1655294686,116:06,3154,855082484,BV1oL4y1N7da,False,0,0,0,0
305,679,171,291875,http://i1.hdslb.com/bfs/archive/f4933f818454d64556d256b0b0e46eada4abcbe5.jpg,,【2022LPL夏季赛】6月15日 LNG vs AL,1,【2022LPL夏季赛】6月15日 LNG vs AL,0,哔哩哔哩英雄联盟赛事,50329118,1655287692,120:18,3254,727593565,BV1ES4y1v7gg,False,0,0,0,0
306,114,171,97402,http://i1.hdslb.com/bfs/archive/1e75c0e8937a336dc9c6bd3781f7e4db53b32f46.jpg,,【LPL赛事速看】W2D2：JDG鏖战三局再得一分 TES二比零WE收获赛季首胜,1,【LPL赛事速看】W2D2：JDG鏖战三局再得一分  TES二比零WE收获赛季首胜,0,哔哩哔哩英雄联盟赛事,50329118,1655221040,24:02,410,939930045,BV1JW4y1k7Lb,False,0,0,0,0
307,68,171,44662,http://i2.hdslb.com/bfs/archive/fd00fa5c7883a9fc6ad46110117d7cfe6ab967c6.jpg,,【LPL夏季赛TOP5】6月14日：狐影轻舞百媚生 灵罗妙手引针来,1,【LPL夏季赛TOP5】6月14日：狐影轻舞百媚生 灵罗妙手引针来,0,哔哩哔哩英雄联盟赛事,50329118,1655220702,05:31,85,812466497,BV1F34y157dh,False,0,0,0,0
308,1852,171,532983,http://i0.hdslb.com/bfs/archive/489c7161f3578d9fab2d83726e735798ab6b0751.jpg,,【2022LPL夏季赛】6月14日 TES vs WE,1,【2022LPL夏季赛】6月14日 TES vs WE,0,哔哩哔哩英雄联盟赛事,50329118,1655210939,108:57,4607,342448270,BV1c94y127Li,False,0,0,0,0
309,340,171,200834,http://i0.hdslb.com/bfs/archive/21447d8f31b99aa00d5a5af7631cf74538741baf.jpg,,【2022LPL夏季赛】6月14日 JDG vs LGD,1,【2022LPL夏季赛】6月14日 JDG vs LGD,0,哔哩哔哩英雄联盟赛事,50329118,1655202423,141:36,1510,812468830,BV1F34y157WL,False,0,0,0,0
310,126,171,94672,http://i1.hdslb.com/bfs/archive/bcef9c17bf8b0ee5998099a3f8b3978bdfc7ec63.jpg,,【LPL夏季赛TOP5】6月13日：金辉流转咒能出 白月飞瀑银刃临,1,【LPL夏季赛TOP5】6月13日：金辉流转咒能出 白月飞瀑银刃临,0,哔哩哔哩英雄联盟赛事,50329118,1655130382,03:57,120,214966673,BV17a411s7R9,False,0,0,0,0
311,229,171,116042,http://i2.hdslb.com/bfs/archive/abab0a6a51ed72714df21545734cb0025631af62.jpg,,【LPL赛事速看】W2D1: IG二比零战胜FPX拿下首胜 EDG完美配合二比零击败WBG,1,【LPL赛事速看】W2D1: IG二比零战胜FPX拿下首胜  EDG完美配合二比零击败WBG,0,哔哩哔哩英雄联盟赛事,50329118,1655129868,18:56,540,427496616,BV1c341137GU,False,0,0,0,0
312,7315,171,1193328,http://i0.hdslb.com/bfs/archive/b75fabb407643f32e56806c3e8f889fb0299b9d1.jpg,,【2022LPL夏季赛】6月13日 WBG vs EDG,1,【2022LPL夏季赛】6月13日 WBG vs EDG,0,哔哩哔哩英雄联盟赛事,50329118,1655125390,143:45,13258,469876428,BV1MT41157tf,False,0,0,0,0
313,1567,171,354767,http://i0.hdslb.com/bfs/archive/a297621e5566898a232b13cd3ceb7ff12b6860c4.jpg,,【2022LPL夏季赛】6月13日 IG vs FPX,1,【2022LPL夏季赛】6月13日 IG vs FPX,0,哔哩哔哩英雄联盟赛事,50329118,1655115121,108:28,2838,639974200,BV1uY4y1s7B8,False,0,0,0,0
314,102,171,99114,http://i1.hdslb.com/bfs/archive/4b377e6c514432377a57716dbd4f484f00ffc705.jpg,,【LPL夏季赛TOP5】6月12日：魂引灯灭断归路 石穿墙幔定乾坤,1,【LPL夏季赛TOP5】6月12日：魂引灯灭断归路 石穿墙幔定乾坤,0,哔哩哔哩英雄联盟赛事,50329118,1655048791,04:29,143,854996170,BV1hL4y1N7je,False,0,0,0,0
315,155,171,112713,http://i1.hdslb.com/bfs/archive/3823a97b3c70a808b9dcc60e291d13498ac2a8ab.jpg,,【LPL赛事速看】W1D3: UP二比零碾压战胜OMG LNG鏖战三局二比一战胜BLG,1,【LPL赛事速看】W1D3: UP二比零碾压战胜OMG  LNG鏖战三局二比一战胜BLG,0,哔哩哔哩英雄联盟赛事,50329118,1655046609,24:38,687,812498498,BV1E34y157HL,False,0,0,0,0
316,3636,171,607858,http://i0.hdslb.com/bfs/archive/2c3ac2f78ba5f3c42f761d10faf19e7a824b1886.jpg,,【LPL夏季赛】6月12日 LNG vs BLG,1,【2022LPL夏季赛】6月12日 LNG vs BLG,0,哔哩哔哩英雄联盟赛事,50329118,1655035629,168:42,6846,597464281,BV1nB4y1S7Vj,False,0,0,0,0
317,1102,171,277142,http://i1.hdslb.com/bfs/archive/3747b253b21d335d98c3039324743a1908764c29.jpg,,【LPL夏季赛】6月12日 UP vs OMG,1,【2022LPL夏季赛】6月12日 UP vs OMG,0,哔哩哔哩英雄联盟赛事,50329118,1655028498,113:48,2916,342410601,BV1S94y117kr,False,0,0,0,0
318,112,171,104168,http://i2.hdslb.com/bfs/archive/e3016e703444c40f2e757f3fa1e8fcb0229ba085.jpg,,【LPL夏季赛TOP5】6月11日：圣光银弹洗残魂 耀焰符刃登神阶,1,【LPL夏季赛TOP5】6月11日：圣光银弹洗残魂 耀焰符刃登神阶,0,哔哩哔哩英雄联盟赛事,50329118,1654962247,03:21,115,639891369,BV1LY4y1476j,False,0,0,0,0
319,183,171,124584,http://i0.hdslb.com/bfs/archive/d50c59609dc7135d9bd81658317d902a6e9968c0.jpg,,【LPL赛事速看】W1D2: AL二比零RA JDG鏖战三局击败TES！,1,【LPL赛事速看】W1D2: AL二比零RA JDG鏖战三局击败TES！,0,哔哩哔哩英雄联盟赛事,50329118,1654959081,21:17,559,684942427,BV1eU4y1R75s,False,0,0,0,0
320,4094,171,866227,http://i1.hdslb.com/bfs/archive/d86bfb14cf7e7b51d287cd662954ada2c047a989.jpg,,【LPL夏季赛】6月11日 JDG vs TES,1,【2022LPL夏季赛】6月11日 JDG vs TES,0,哔哩哔哩英雄联盟赛事,50329118,1654948071,152:37,8648,939921045,BV15W4y1k71z,False,0,0,0,0
321,703,171,264969,http://i1.hdslb.com/bfs/archive/0e957b5566bfda6544975928bee1cdcbc9290611.jpg,,【LPL夏季赛】6月11日 AL vs RA,1,【2022LPL夏季赛】6月11日 AL vs RA,0,哔哩哔哩英雄联盟赛事,50329118,1654941856,92:43,1719,427387509,BV1j3411g7tj,False,0,0,0,0
322,180,171,132829,http://i1.hdslb.com/bfs/archive/330825f9691a1b44da237fff6528cc928cd4e602.jpg,,【LPL赛事速看】W1D1: WBG二比一战胜IG取得开门红 EDG二比一有惊无险战胜FPX,1,【LPL赛事速看】W1D1: WBG二比一战胜IG取得开门红 EDG二比一有惊无险战胜FPX,0,哔哩哔哩英雄联盟赛事,50329118,1654882609,30:05,670,769911355,BV16r4y1V7Jm,False,0,0,0,0
323,141,171,74713,http://i1.hdslb.com/bfs/archive/7127691366001d874862eddc688267f7f8cac30a.jpg,,【LPL夏季赛TOP5】6月10日：裂阵驭马铁骑踏 星光不灭圣裁至,1,【LPL夏季赛TOP5】6月10日：裂阵驭马铁骑踏 星光不灭圣裁至,0,哔哩哔哩英雄联盟赛事,50329118,1654882086,04:43,120,812492605,BV1734y157Dr,False,0,0,0,0
324,2430,171,991265,http://i2.hdslb.com/bfs/archive/b2dfdf25672ef77fc0b44e9ce24b38532dbdc166.jpg,,【LPL夏季赛】6月10日 FPX vs EDG,1,【2022LPL夏季赛】6月10日 FPX vs EDG,0,哔哩哔哩英雄联盟赛事,50329118,1654865823,200:43,8081,769906316,BV1zr4y1V7pt,False,0,0,0,0
325,4481,171,1132848,http://i1.hdslb.com/bfs/archive/839a5be8874f2efaaac9d054209ee56801e0f370.jpg,,【LPL夏季赛】6月10日 IG vs WBG,1,【2022LPL夏季赛】6月10日 IG vs WBG,0,哔哩哔哩英雄联盟赛事,50329118,1654855915,152:08,13516,897449491,BV1zA4y1R7m1,False,0,0,0,0
326,1879,171,446212,http://i1.hdslb.com/bfs/archive/6bba04d7c1cea26498537c884b1c091f90c4c789.jpg,,【MSI赛事速看】决赛：RNG鏖战五局勇夺冠军！,1,【MSI赛事速看】决赛：RNG鏖战五局勇夺冠军！,0,哔哩哔哩英雄联盟赛事,50329118,1653833409,17:59,1810,639600763,BV1HY4y1z7kE,False,0,0,0,0
327,779,171,253052,http://i1.hdslb.com/bfs/archive/aa790e657aa160c7334c7cd9c1b3c9cc091985ba.jpg,,【季中冠军赛TOP5】决赛：丝缕萦绕扫残云 惊鸿一跃耀苍穹,1,【季中冠军赛TOP5】决赛：丝缕萦绕扫残云 惊鸿一跃耀苍穹,0,哔哩哔哩英雄联盟赛事,50329118,1653833032,02:25,335,427052610,BV15341137uU,False,0,0,0,0
328,41722,171,7580305,http://i0.hdslb.com/bfs/archive/679a60e6e53d34a468ee223a2a41b14dbd06f172.jpg,,【2022MSI】决赛 5月29日 RNG VS T1,1,【2022MSI】决赛 5月29日 RNG VS T1,0,哔哩哔哩英雄联盟赛事,50329118,1653815422,276:19,116362,854541749,BV1B54y1o72S,False,0,0,0,0
329,2366,171,461133,http://i1.hdslb.com/bfs/archive/74523ab6791854baa0441d49b12037e1937d4557.jpg,,2022季中冠军赛决赛宣传片,1,2022季中冠军赛决赛宣传片,0,哔哩哔哩英雄联盟赛事,50329118,1653810780,03:32,2249,854623096,BV17L4y1K79o,False,0,0,0,0
